Date,Timestamp,Half,Team,Player,Event,Assist By,Highlight,Assist Highlight,Shot X,Shot Y,Assist X,Assist Y
2026-05-21,0:00,1H,A,Ines,GK On,,,,,,,
2026-05-21,0:00,1H,B,Jake,GK On,,,,,,,
2026-05-21,0:28,1H,A,James,Off Target,,none,,,,,
2026-05-21,0:29,1H,A,James,Nutmegs,,none,,,,,
2026-05-21,0:39,1H,A,James,Interceptions,,none,,,,,
2026-05-21,0:42,1H,A,Richard,Tackles,,none,,,,,
2026-05-21,0:44,1H,B,Bailey,Key Passes,,none,,,,,
2026-05-21,0:45,1H,B,Andres,On Target,,none,,,,,
2026-05-21,0:45,1H,A,Richard,Blocks,,none,,,,,
2026-05-21,0:48,1H,A,Richard,Interceptions,,none,,,,,
2026-05-21,0:59,1H,A,Richard,Interceptions,,none,,,,,
2026-05-21,1:02,1H,B,Bailey,Interceptions,,none,,,,,
2026-05-21,1:20,1H,A,James,Key Passes,,none,,,,,
2026-05-21,1:22,1H,A,Gio,On Target,,none,,,,,
2026-05-21,1:22,1H,B,Lachlan,Blocks,,none,,,,,
2026-05-21,1:25,1H,A,Richard,Interceptions,,none,,,,,
2026-05-21,1:32,1H,A,Gio,On Target,,none,,,,,
2026-05-21,1:32,1H,A,Gio,Goals,Richard,highlight,none,0.6960,0.1720,0.2700,0.8150
2026-05-21,1:50,1H,A,James,Interceptions,,none,,,,,
2026-05-21,1:52,1H,A,Richard,Interceptions,,none,,,,,
2026-05-21,1:58,1H,A,Gio,Interceptions,,none,,,,,
2026-05-21,2:02,1H,B,Andres,On Target,,none,,,,,
2026-05-21,2:02,1H,B,Andres,Goals,Bailey,none,none,0.6930,0.7770,0.8050,0.8760
2026-05-21,2:18,1H,B,Bailey,Interceptions,,none,,,,,
2026-05-21,2:22,1H,B,Bailey,Key Passes,,none,,,,,
2026-05-21,2:22,1H,B,Andres,On Target,,none,,,,,
2026-05-21,2:22,1H,A,Richard,Blocks,,none,,,,,
2026-05-21,2:32,1H,B,Bailey,Interceptions,,none,,,,,
2026-05-21,2:59,1H,B,Alberto,Interceptions,,none,,,,,
2026-05-21,3:05,1H,A,Richard,Interceptions,,none,,,,,
2026-05-21,3:08,1H,B,Bailey,Interceptions,,none,,,,,
2026-05-21,3:11,1H,B,Alberto,Tackles,,none,,,,,
2026-05-21,3:26,1H,B,Andres,Key Passes,,none,,,,,
2026-05-21,3:28,1H,B,Bailey,Off Target,,none,,,,,
2026-05-21,3:36,1H,A,Gio,Nutmegs,,none,,,,,
2026-05-21,3:36,1H,B,Alberto,Interceptions,,none,,,,,
2026-05-21,3:46,1H,B,Lachlan,Key Passes,,none,,,,,
2026-05-21,4:51,1H,A,Gio,Interceptions,,none,,,,,
2026-05-21,4:54,1H,B,Alberto,Interceptions,,none,,,,,
2026-05-21,4:59,1H,A,Gio,Interceptions,,none,,,,,
2026-05-21,5:01,1H,A,Gio,On Target,,none,,,,,
2026-05-21,5:01,1H,B,Lachlan,Blocks,,none,,,,,
2026-05-21,5:10,1H,B,Andres,Interceptions,,none,,,,,
2026-05-21,5:15,1H,B,Lachlan,Interceptions,,none,,,,,
2026-05-21,5:30,1H,A,Gio,Tackles,,none,,,,,
2026-05-21,6:09,1H,B,Alberto,Tackles,,none,,,,,
2026-05-21,6:21,1H,A,Gio,Tackles,,none,,,,,
2026-05-21,6:26,1H,B,Andres,Tackles,,none,,,,,
2026-05-21,6:29,1H,B,Lachlan,Key Passes,,none,,,,,
2026-05-21,6:31,1H,B,Andres,On Target,,none,,,,,
2026-05-21,6:31,1H,A,Gio,Blocks,,none,,,,,
2026-05-21,6:33,1H,B,Andres,On Target,,none,,,,,
2026-05-21,6:33,1H,A,Richard,GK Saves,,none,,,,,
2026-05-21,3:35,1H,A,Ines,GK Removed,,,,,,,
2026-05-21,3:35,1H,A,Richard,GK On,,,,,,,
2026-05-21,6:42,1H,A,Gio,Key Passes,,none,,,,,
2026-05-21,6:44,1H,A,James,On Target,,none,,,,,
2026-05-21,6:44,1H,B,Alberto,Blocks,,none,,,,,
2026-05-21,6:48,1H,B,Lachlan,Interceptions,,none,,,,,
2026-05-21,6:49,1H,A,Lach2,Tackles,,none,,,,,
2026-05-21,6:51,1H,B,Lachlan,Tackles,,none,,,,,
2026-05-21,7:16,1H,B,Alberto,Key Passes,,none,,,,,
2026-05-21,7:16,1H,B,Andres,On Target,,none,,,,,
2026-05-21,7:16,1H,A,Lach2,Blocks,,none,,,,,
2026-05-21,7:22,1H,B,Lachlan,Key Passes,,none,,,,,
2026-05-21,7:23,1H,B,Bailey,On Target,,none,,,,,
2026-05-21,7:23,1H,A,Richard,GK Saves,,none,,,,,
2026-05-21,7:29,1H,A,Richard,Key Passes,,none,,,,,
2026-05-21,7:32,1H,A,James,Off Target,,none,,,,,
2026-05-21,7:40,1H,A,Ines,Interceptions,,none,,,,,
2026-05-21,7:50,1H,A,Ines,Interceptions,,none,,,,,
2026-05-21,8:09,1H,B,Bailey,Key Passes,,none,,,,,
2026-05-21,8:10,1H,B,Alberto,On Target,,none,,,,,
2026-05-21,8:11,1H,A,Richard,GK Saves,,none,,,,,
2026-05-21,8:12,1H,A,Richard,Key Passes,,none,,,,,
2026-05-21,8:24,1H,A,Richard,Interceptions,,none,,,,,
2026-05-21,8:31,1H,B,Lachlan,Interceptions,,none,,,,,
2026-05-21,8:37,1H,A,James,Off Target,,none,,,,,
2026-05-21,8:38,1H,B,Jake,GK Saves,,none,,,,,
2026-05-21,8:54,1H,B,Jake,GK Removed,,,,,,,
2026-05-21,8:54,1H,B,Alberto,GK On,,,,,,,
2026-05-21,9:08,1H,A,Richard,Interceptions,,none,,,,,
2026-05-21,9:20,1H,B,Bailey,Interceptions,,none,,,,,
2026-05-21,9:22,1H,A,Gio,Key Passes,,none,,,,,
2026-05-21,9:22,1H,A,James,Off Target,,none,,,,,
2026-05-21,9:30,1H,B,Bailey,Key Passes,,none,,,,,
2026-05-21,9:33,1H,B,Lachlan,On Target,,none,,,,,
2026-05-21,9:33,1H,A,Richard,GK Saves,,none,,,,,
2026-05-21,9:35,1H,A,Gio,Interceptions,,none,,,,,
2026-05-21,9:40,1H,B,Bailey,Key Passes,,none,,,,,
2026-05-21,9:40,1H,B,Lachlan,Off Target,,none,,,,,
2026-05-21,9:40,1H,B,Lachlan,Post,,none,,,,,
2026-05-21,9:43,1H,B,Andres,Tackles,,none,,,,,
2026-05-21,9:48,1H,A,Ines,Interceptions,,none,,,,,
2026-05-21,9:59,1H,B,Jake,Tackles,,none,,,,,
2026-05-21,10:02,1H,B,Bailey,Goals,Lachlan,highlight,highlight,0.8250,0.5270,0.7680,0.2230
2026-05-21,10:27,1H,B,Jake,Interceptions,,none,,,,,
2026-05-21,10:42,1H,A,James,Tackles,,none,,,,,
2026-05-21,10:48,1H,A,Ines,Tackles,,none,,,,,
2026-05-21,10:48,1H,B,Lachlan,Key Passes,,none,,,,,
2026-05-21,10:49,1H,B,Bailey,On Target,,none,,,,,
2026-05-21,10:49,1H,A,Richard,GK Saves,,none,,,,,
2026-05-21,10:52,1H,B,Jake,On Target,,none,,,,,
2026-05-21,10:53,1H,A,Richard,GK Saves,,none,,,,,
2026-05-21,10:55,1H,B,Jake,Off Target,,none,,,,,
2026-05-21,10:58,1H,A,Lach2,Interceptions,,none,,,,,
2026-05-21,11:00,1H,B,Andres,Interceptions,,none,,,,,
2026-05-21,11:03,1H,A,James,Key Passes,,none,,,,,
2026-05-21,11:04,1H,A,Gio,Off Target,,none,,,,,
2026-05-21,11:07,1H,B,Jake,Interceptions,,none,,,,,
2026-05-21,11:22,1H,B,Bailey,Key Passes,,none,,,,,
2026-05-21,11:25,1H,B,Jake,On Target,,none,,,,,
2026-05-21,11:26,1H,A,Gio,Blocks,,none,,,,,
2026-05-21,11:31,1H,A,Gio,Interceptions,,none,,,,,
2026-05-21,11:33,1H,A,Gio,Nutmegs,,none,,,,,
2026-05-21,11:43,1H,B,Andres,Key Passes,,none,,,,,
2026-05-21,11:45,1H,B,Jake,Off Target,,none,,,,,
2026-05-21,11:54,1H,B,Andres,Interceptions,,none,,,,,
2026-05-21,12:10,1H,A,Lach2,Interceptions,,none,,,,,
2026-05-21,12:18,1H,B,Jake,Interceptions,,none,,,,,
2026-05-21,12:20,1H,A,James,Key Passes,,none,,,,,
2026-05-21,12:20,1H,A,Gio,Off Target,,none,,,,,
2026-05-21,12:28,1H,A,Lach2,Interceptions,,none,,,,,
2026-05-21,12:32,1H,A,Lach2,On Target,,none,,,,,
2026-05-21,12:33,1H,B,Alberto,GK Saves,,none,,,,,
2026-05-21,12:34,1H,A,James,On Target,,none,,,,,
2026-05-21,12:35,1H,B,Alberto,GK Saves,,none,,,,,
2026-05-21,12:45,1H,A,James,Interceptions,,none,,,,,
2026-05-21,13:52,1H,A,Lach2,Interceptions,,none,,,,,
2026-05-21,13:55,1H,A,Lach2,Key Passes,,none,,,,,
2026-05-21,13:57,1H,A,Gio,On Target,,none,,,,,
2026-05-21,13:57,1H,B,Lachlan,Blocks,,none,,,,,
2026-05-21,14:01,1H,B,Bailey,Tackles,,none,,,,,
2026-05-21,14:07,1H,A,Ines,Tackles,,none,,,,,
2026-05-21,13:57,1H,A,Richard,GK Removed,,,,,,,
2026-05-21,13:57,1H,A,James,GK On,,,,,,,
2026-05-21,14:10,1H,A,Ines,Key Passes,,none,,,,,
2026-05-21,14:12,1H,A,Richard,Off Target,,none,,,,,
2026-05-21,14:13,1H,B,Lachlan,Blocks,,none,,,,,
2026-05-21,14:34,1H,B,Andres,Key Passes,,none,,,,,
2026-05-21,14:37,1H,B,Jake,On Target,,none,,,,,
2026-05-21,14:37,1H,A,Lach2,Blocks,,none,,,,,
2026-05-21,14:42,1H,A,Gio,Nutmegs,,none,,,,,
2026-05-21,14:47,1H,B,Bailey,Interceptions,,none,,,,,
2026-05-21,14:55,1H,A,Richard,Tackles,,none,,,,,
2026-05-21,14:57,1H,B,Andres,Tackles,,none,,,,,
2026-05-21,15:01,1H,A,Lach2,Tackles,,none,,,,,
2026-05-21,15:10,1H,A,Richard,Nutmegs,,none,,,,,
2026-05-21,15:10,1H,A,Richard,Tackles,,none,,,,,
2026-05-21,15:13,1H,B,Lachlan,Interceptions,,none,,,,,
2026-05-21,15:17,1H,B,Jake,Tackles,,none,,,,,
2026-05-21,15:21,1H,B,Andres,Key Passes,,none,,,,,
2026-05-21,15:23,1H,B,Bailey,Off Target,,none,,,,,
2026-05-21,15:23,1H,B,Bailey,Nutmegs,,none,,,,,
2026-05-21,15:25,1H,B,Jake,Off Target,,none,,,,,
2026-05-21,15:50,1H,B,Andres,Tackles,,none,,,,,
2026-05-21,16:01,1H,A,Lach2,Interceptions,,none,,,,,
2026-05-21,16:01,1H,A,Lach2,Tackles,,none,,,,,
2026-05-21,16:02,1H,A,Lach2,Off Target,,none,,,,,
2026-05-21,16:17,1H,A,Richard,Tackles,,none,,,,,
2026-05-21,16:17,1H,B,Bailey,Interceptions,,none,,,,,
2026-05-21,16:18,1H,B,Lachlan,Goals,,none,none,0.8640,0.2600,,
2026-05-21,16:20,1H,B,Lachlan,Nutmegs,,none,,,,,
2026-05-21,16:35,1H,A,Ines,Off Target,,none,,,,,
2026-05-21,16:36,1H,B,Andres,Blocks,,none,,,,,
2026-05-21,16:37,1H,B,Alberto,GK Saves,,none,,,,,
2026-05-21,16:49,1H,A,Lach2,Interceptions,,none,,,,,
2026-05-21,16:46,1H,A,Richard,Interceptions,,none,,,,,
2026-05-21,16:56,1H,B,Jake,Tackles,,none,,,,,
2026-05-21,16:57,1H,A,Gio,Tackles,,none,,,,,
2026-05-21,16:58,1H,A,Gio,On Target,,none,,,,,
2026-05-21,16:58,1H,A,Gio,Goals,,highlight,none,0.6070,0.7160,,
2026-05-21,17:20,1H,A,Gio,Interceptions,,none,,,,,
2026-05-21,17:22,1H,B,Bailey,Key Passes,,none,,,,,
2026-05-21,17:23,1H,B,Andres,On Target,,none,,,,,
2026-05-21,17:24,1H,A,James,GK Saves,,none,,,,,
2026-05-21,17:27,1H,B,Lachlan,Key Passes,,none,,,,,
2026-05-21,17:29,1H,B,Jake,Off Target,,none,,,,,
2026-05-21,17:40,1H,B,Andres,Interceptions,,none,,,,,
2026-05-21,17:42,1H,B,Bailey,Interceptions,,none,,,,,
2026-05-21,17:55,1H,B,Lachlan,Interceptions,,none,,,,,
2026-05-21,18:04,1H,A,Lach2,Interceptions,,none,,,,,
2026-05-21,18:06,1H,A,Lach2,On Target,,none,,,,,
2026-05-21,18:06,1H,B,Alberto,GK Saves,,none,,,,,
2026-05-21,18:09,1H,A,Lach2,Off Target,,none,,,,,
2026-05-21,18:09,1H,B,Alberto,GK Saves,,none,,,,,
2026-05-21,18:16,1H,A,Lach2,On Target,,none,,,,,
2026-05-21,18:16,1H,A,Lach2,Nutmegs,,none,,,,,
2026-05-21,18:16,1H,A,Lach2,Goals,,none,none,0.8280,0.5310,,
2026-05-21,18:34,1H,A,Richard,Interceptions,,none,,,,,
2026-05-21,18:36,1H,A,Richard,On Target,,none,,,,,
2026-05-21,18:36,1H,B,Alberto,GK Saves,,none,,,,,
2026-05-21,18:39,1H,B,Bailey,Interceptions,,none,,,,,
2026-05-21,18:41,1H,A,Lach2,Interceptions,,none,,,,,
2026-05-21,18:42,1H,A,Lach2,Off Target,,none,,,,,
2026-05-21,18:46,1H,A,Ines,Key Passes,,none,,,,,
2026-05-21,18:47,1H,A,Gio,Off Target,,none,,,,,
2026-05-21,18:53,1H,B,Jake,On Target,,none,,,,,
2026-05-21,18:54,1H,A,Richard,Blocks,,none,,,,,
2026-05-21,19:03,1H,B,Bailey,Key Passes,,none,,,,,
2026-05-21,19:05,1H,B,Jake,On Target,,none,,,,,
2026-05-21,19:05,1H,A,James,GK Saves,,none,,,,,
2026-05-21,19:07,1H,A,Ines,Interceptions,,none,,,,,
2026-05-21,19:13,1H,A,Gio,Goals,Lach2,none,none,0.8030,0.6450,0.6230,0.1220
2026-05-21,19:31,1H,B,Alberto,GK Removed,,,,,,,
2026-05-21,19:31,1H,B,Andres,GK On,,,,,,,
2026-05-21,19:38,1H,B,Lachlan,Key Passes,,none,,,,,
2026-05-21,19:38,1H,B,Jake,On Target,,none,,,,,
2026-05-21,19:39,1H,A,James,GK Saves,,none,,,,,
2026-05-21,19:51,1H,B,Jake,Interceptions,,none,,,,,
2026-05-21,19:54,1H,B,Alberto,Tackles,,none,,,,,
2026-05-21,19:58,1H,A,Richard,Interceptions,,none,,,,,
2026-05-21,20:06,1H,B,Alberto,Interceptions,,none,,,,,
2026-05-21,20:08,1H,A,Lach2,On Target,,none,,,,,
2026-05-21,20:08,1H,A,Lach2,Goals,,highlight,none,0.7340,0.4520,,
2026-05-21,20:31,1H,A,Lach2,Tackles,,none,,,,,
2026-05-21,20:33,1H,A,Richard,Interceptions,,none,,,,,
2026-05-21,20:15,1H,A,James,GK Removed,,,,,,,
2026-05-21,20:15,1H,A,Ines,GK On,,,,,,,
2026-05-21,20:51,1H,B,Lachlan,Interceptions,,none,,,,,
2026-05-21,20:56,1H,A,Richard,Interceptions,,none,,,,,
2026-05-21,20:59,1H,A,Richard,Key Passes,,none,,,,,
2026-05-21,20:59,1H,A,Gio,Off Target,,none,,,,,
2026-05-21,20:59,1H,B,Alberto,Blocks,,none,,,,,
2026-05-21,21:01,1H,A,Gio,Key Passes,,none,,,,,
2026-05-21,21:02,1H,A,Richard,Off Target,,none,,,,,
2026-05-21,21:33,1H,B,Bailey,Off Target,,none,,,,,
2026-05-21,21:31,1H,B,Lachlan,Off Target,,none,,,,,
2026-05-21,21:31,1H,A,Richard,Blocks,,none,,,,,
2026-05-21,21:52,1H,A,James,Interceptions,,none,,,,,
2026-05-21,21:55,1H,B,Jake,Interceptions,,none,,,,,
2026-05-21,21:55,1H,B,Lachlan,Interceptions,,none,,,,,
2026-05-21,21:59,1H,B,Lachlan,Key Passes,,none,,,,,
2026-05-21,21:59,1H,B,Bailey,On Target,,none,,,,,
2026-05-21,21:59,1H,B,Bailey,Nutmegs,,none,,,,,
2026-05-21,22:00,1H,A,Ines,GK Saves,,none,,,,,
2026-05-21,22:23,1H,B,Jake,Tackles,,none,,,,,
2026-05-21,22:34,1H,A,Lach2,Interceptions,,none,,,,,
2026-05-21,22:37,1H,A,Lach2,Goals,,none,none,0.6360,0.6020,,
2026-05-21,22:55,1H,A,Lach2,Interceptions,,none,,,,,
2026-05-21,23:11,1H,B,Lachlan,Interceptions,,none,,,,,
2026-05-21,23:16,1H,A,James,Key Passes,,none,,,,,
2026-05-21,23:17,1H,A,Ines,On Target,,none,,,,,
2026-05-21,23:18,1H,B,Andres,GK Saves,,none,,,,,
2026-05-21,23:21,1H,B,Jake,Interceptions,,none,,,,,
2026-05-21,22:12,1H,A,Ines,GK Removed,,,,,,,
2026-05-21,22:12,1H,A,Richard,GK On,,,,,,,
2026-05-21,23:27,1H,A,Gio,Interceptions,,none,,,,,
2026-05-21,23:33,1H,A,Gio,Nutmegs,,none,,,,,
2026-05-21,23:30,1H,B,Jake,Nutmegs,,none,,,,,
2026-05-21,23:45,1H,A,Lach2,Key Passes,,none,,,,,
2026-05-21,23:48,1H,A,James,On Target,,none,,,,,
2026-05-21,23:48,1H,B,Lachlan,Blocks,,none,,,,,
2026-05-21,23:51,1H,A,Lach2,Interceptions,,none,,,,,
2026-05-21,23:55,1H,A,James,Key Passes,,none,,,,,
2026-05-21,23:55,1H,A,Lach2,On Target,,none,,,,,
2026-05-21,23:56,1H,B,Andres,GK Saves,,none,,,,,
2026-05-21,24:08:00,1H,B,Jake,Off Target,,none,,,,,
2026-05-21,24:21:00,1H,B,Lachlan,Interceptions,,none,,,,,
2026-05-21,24:23:00,1H,B,Lachlan,Nutmegs,,none,,,,,
2026-05-21,24:33:00,1H,B,Lachlan,Interceptions,,none,,,,,
2026-05-21,24:42:00,1H,B,Andres,Key Passes,,none,,,,,
2026-05-21,24:42:00,1H,B,Bailey,Off Target,,none,,,,,
2026-05-21,24:44:00,1H,B,Jake,Off Target,,none,,,,,
2026-05-21,24:50:00,1H,B,Alberto,Interceptions,,none,,,,,
2026-05-21,25:07:00,1H,A,Gio,Tackles,,none,,,,,
2026-05-21,25:13:00,1H,B,Alberto,Interceptions,,none,,,,,
2026-05-21,25:19:00,1H,B,Lachlan,Interceptions,,none,,,,,
2026-05-21,25:23:00,1H,B,Alberto,Key Passes,,none,,,,,
2026-05-21,25:24:00,1H,B,Jake,On Target,,none,,,,,
2026-05-21,25:25:00,1H,A,Richard,GK Saves,,highlight,,,,,
2026-05-21,25:36:00,1H,B,Lachlan,Interceptions,,none,,,,,
2026-05-21,25:38:00,1H,A,Lach2,Tackles,,none,,,,,
2026-05-21,25:45:00,1H,B,Jake,Tackles,,none,,,,,
2026-05-21,25:55:00,1H,B,Alberto,Off Target,,none,,,,,
2026-05-21,25:55:00,1H,A,Lach2,Blocks,,none,,,,,
2026-05-21,25:56:00,1H,A,Richard,GK Saves,,none,,,,,
2026-05-21,26:10:00,1H,B,Jake,Interceptions,,none,,,,,
2026-05-21,26:13:00,1H,A,Lach2,Tackles,,none,,,,,
2026-05-21,26:14:00,1H,A,Lach2,Off Target,,none,,,,,
2026-05-21,26:27:00,1H,A,Gio,Tackles,,none,,,,,
2026-05-21,26:45:00,1H,B,Andres,GK Removed,,,,,,,
2026-05-21,26:45:00,1H,B,Lachlan,GK On,,,,,,,
2026-05-21,26:50:00,1H,B,Andres,Interceptions,,none,,,,,
2026-05-21,26:56:00,1H,A,Gio,Nutmegs,,none,,,,,
2026-05-21,26:59:00,1H,B,Andres,Interceptions,,none,,,,,
2026-05-21,27:13:00,1H,B,Bailey,Interceptions,,none,,,,,
2026-05-21,28:07:00,1H,B,Andres,Tackles,,none,,,,,
2026-05-21,28:09:00,1H,B,Jake,Off Target,,none,,,,,
2026-05-21,28:09:00,1H,B,Jake,Post,,none,,,,,
2026-05-21,28:20:00,1H,A,James,Goals,Lach2,highlight,none,0.6180,0.9000,0.2990,0.8760
2026-05-21,28:56:00,1H,B,Andres,Off Target,,none,,,,,
2026-05-21,29:19:00,1H,A,Lach2,Tackles,,none,,,,,
2026-05-21,29:24:00,1H,B,Lachlan,Tackles,,none,,,,,
2026-05-21,29:34:00,1H,B,Bailey,Key Passes,,none,,,,,
2026-05-21,29:55:00,1H,B,Alberto,Tackles,,none,,,,,
2026-05-21,30:06:00,1H,A,Ines,Tackles,,none,,,,,
2026-05-21,30:08:00,1H,B,Bailey,Tackles,,none,,,,,
2026-05-21,30:26.2,1H,B,Andres,Interceptions,,none,,,,,
2026-05-21,30:29.6,1H,B,Andres,Off Target,,none,,,,,
2026-05-21,30:33.6,1H,B,Bailey,Key Passes,,none,,,,,
2026-05-21,30:34.3,1H,B,Andres,Off Target,,none,,,,,
2026-05-21,30:34.3,1H,B,Andres,Post,,none,,,,,
2026-05-21,30:42.4,1H,A,Lach2,Tackles,,none,,,,,
2026-05-21,30:51.3,1H,B,Alberto,Tackles,,none,,,,,
2026-05-21,30:51.8,1H,A,Gio,Interceptions,,none,,,,,
2026-05-21,30:56.3,1H,B,Bailey,Interceptions,,none,,,,,
2026-05-21,31:11.7,1H,A,Richard,GK Saves,,none,,,,,
2026-05-21,31:18.0,1H,B,Jake,Tackles,,none,,,,,
2026-05-21,31:25.8,1H,A,Gio,Goals,James,none,none,0.8070,0.6850,0.8800,0.9070
2026-05-21,31:53.9,2H,A,Alberto,Team Swap,Alberto: B → A,none,,,,,
2026-05-21,31:53.9,2H,B,James,Team Swap,James: A → B,none,,,,,
2026-05-21,31:55.7,2H,A,Richard,GK Removed,,,,,,,
2026-05-21,31:55.7,2H,A,Ines,GK On,,,,,,,
2026-05-21,31:55.7,2H,B,Lachlan,GK Removed,,,,,,,
2026-05-21,31:55.7,2H,B,Jake,GK On,,,,,,,
2026-05-21,32:04.0,2H,A,Alberto,Interceptions,,none,,,,,
2026-05-21,32:12.4,2H,A,Richard,Interceptions,,none,,,,,
2026-05-21,32:16.0,2H,B,Bailey,Nutmegs,,none,,,,,
2026-05-21,32:17.9,2H,A,Gio,Tackles,,none,,,,,
2026-05-21,32:24.5,2H,B,James,Key Passes,,none,,,,,
2026-05-21,32:26.7,2H,B,Andres,Off Target,,none,,,,,
2026-05-21,32:32.2,2H,A,Lach2,Interceptions,,none,,,,,
2026-05-21,32:37.7,2H,B,Andres,Interceptions,,none,,,,,
2026-05-21,32:40.2,2H,B,Andres,Nutmegs,,none,,,,,
2026-05-21,33:13.7,2H,A,Lach2,On Target,,none,,,,,
2026-05-21,33:14.0,2H,B,Jake,GK Saves,,none,,,,,
2026-05-21,33:15.0,2H,A,Lach2,Goals,Alberto,none,highlight,0.8300,0.2730,0.8340,0.7840
2026-05-21,33:32.0,2H,A,Richard,Interceptions,,none,,,,,
2026-05-21,33:34.7,2H,A,Richard,Interceptions,,none,,,,,
2026-05-21,33:38.6,2H,A,Richard,Key Passes,,none,,,,,
2026-05-21,33:40.8,2H,A,Alberto,Off Target,,none,,,,,
2026-05-21,33:44.5,2H,B,Jake,Key Passes,,none,,,,,
2026-05-21,33:47.5,2H,B,Andres,On Target,,none,,,,,
2026-05-21,33:47.6,2H,B,Andres,Nutmegs,,none,,,,,
2026-05-21,33:47.6,2H,A,Ines,GK Saves,,none,,,,,
2026-05-21,33:57.5,2H,B,Bailey,On Target,,none,,,,,
2026-05-21,33:57.9,2H,A,Ines,GK Saves,,none,,,,,
2026-05-21,34:00.8,2H,A,Richard,Interceptions,,none,,,,,
2026-05-21,34:03.6,2H,B,Bailey,Interceptions,,none,,,,,
2026-05-21,34:04.1,2H,A,Gio,Tackles,,none,,,,,
2026-05-21,34:36.2,2H,A,Lach2,Interceptions,,none,,,,,
2026-05-21,34:39.6,2H,A,Lach2,Tackles,,none,,,,,
2026-05-21,34:42.1,2H,A,Ines,Key Passes,,none,,,,,
2026-05-21,34:46.6,2H,A,Gio,On Target,,none,,,,,
2026-05-21,34:46.8,2H,B,Jake,GK Saves,,none,,,,,
2026-05-21,34:50.1,2H,A,Lach2,Interceptions,,none,,,,,
2026-05-21,34:54.6,2H,B,James,Interceptions,,none,,,,,
2026-05-21,34:59.2,2H,A,Alberto,Key Passes,,none,,,,,
2026-05-21,35:08.1,2H,B,Bailey,Key Passes,,none,,,,,
2026-05-21,35:09.1,2H,B,Andres,On Target,,none,,,,,
2026-05-21,35:09.4,2H,A,Ines,GK Saves,,none,,,,,
2026-05-21,35:11.1,2H,B,Andres,Off Target,,none,,,,,
2026-05-21,35:21.3,2H,B,James,Interceptions,,none,,,,,
2026-05-21,35:22.6,2H,A,Ines,Interceptions,,none,,,,,
2026-05-21,35:29.0,2H,A,Richard,Key Passes,,none,,,,,
2026-05-21,35:31.1,2H,A,Lach2,Off Target,,none,,,,,
2026-05-21,35:31.1,2H,A,Lach2,Post,,none,,,,,
2026-05-21,35:48.6,2H,B,Lachlan,On Target,,none,,,,,
2026-05-21,35:48.7,2H,A,Richard,Blocks,,none,,,,,
2026-05-21,35:59.4,2H,B,Jake,GK Removed,,,,,,,
2026-05-21,35:59.4,2H,B,James,GK On,,,,,,,
2026-05-21,36:02.2,2H,B,Lachlan,Interceptions,,none,,,,,
2026-05-21,36:04.7,2H,B,Lachlan,On Target,,none,,,,,
2026-05-21,36:04.8,2H,B,Lachlan,Nutmegs,,none,,,,,
2026-05-21,36:05.1,2H,A,Ines,GK Saves,,none,,,,,
2026-05-21,36:18.9,2H,A,Lach2,Key Passes,,none,,,,,
2026-05-21,36:22.1,2H,A,Richard,Off Target,,none,,,,,
2026-05-21,36:22.1,2H,A,Richard,Nutmegs,,none,,,,,
2026-05-21,36:28.5,2H,A,Richard,Interceptions,,none,,,,,
2026-05-21,36:31.3,2H,B,Jake,Key Passes,,none,,,,,
2026-05-21,36:32.6,2H,B,Andres,Off Target,,none,,,,,
2026-05-21,36:39.9,2H,A,Alberto,On Target,,none,,,,,
2026-05-21,36:39.9,2H,A,Alberto,Goals,,none,none,0.8190,0.2600,,
2026-05-21,37:01.9,2H,B,Andres,Goals,Lachlan,none,none,0.7910,0.1720,0.6040,0.1090
2026-05-21,37:09.3,2H,A,Ines,GK Removed,,,,,,,
2026-05-21,37:09.3,2H,A,Alberto,GK On,,,,,,,
2026-05-21,37:24.7,2H,A,Richard,Interceptions,,none,,,,,
2026-05-21,37:26.6,2H,B,Jake,Interceptions,,none,,,,,
2026-05-21,37:29.4,2H,B,Andres,Interceptions,,none,,,,,
2026-05-21,37:32.6,2H,B,Bailey,Key Passes,,none,,,,,
2026-05-21,37:33.7,2H,B,Lachlan,Off Target,,none,,,,,
2026-05-21,37:33.7,2H,B,Lachlan,Post,,none,,,,,
2026-05-21,37:43.7,2H,B,Andres,Off Target,,none,,,,,
2026-05-21,37:46.6,2H,B,Jake,On Target,,none,,,,,
2026-05-21,37:46.6,2H,A,Lach2,Blocks,,none,,,,,
2026-05-21,37:52.0,2H,B,Jake,Interceptions,,none,,,,,
2026-05-21,37:54.1,2H,B,Lachlan,Key Passes,,none,,,,,
2026-05-21,37:55.7,2H,B,Bailey,On Target,,none,,,,,
2026-05-21,37:56.1,2H,A,Alberto,GK Saves,,none,,,,,
2026-05-21,37:56.8,2H,A,Richard,Interceptions,,none,,,,,
2026-05-21,38:19.9,2H,B,Jake,Tackles,,none,,,,,
2026-05-21,38:27.5,2H,A,Ines,Interceptions,,none,,,,,
2026-05-21,38:30.4,2H,A,Lach2,On Target,,none,,,,,
2026-05-21,38:30.7,2H,B,Jake,Blocks,,none,,,,,
2026-05-21,38:33.3,2H,A,Lach2,On Target,,none,,,,,
2026-05-21,38:33.5,2H,B,James,GK Saves,,none,,,,,
2026-05-21,38:36.5,2H,A,Richard,On Target,,none,,,,,
2026-05-21,38:36.6,2H,B,Jake,Blocks,,none,,,,,
2026-05-21,38:38.5,2H,B,Andres,Interceptions,,none,,,,,
2026-05-21,38:49.3,2H,A,Gio,Tackles,,none,,,,,
2026-05-21,38:51.3,2H,A,Gio,On Target,,none,,,,,
2026-05-21,38:51.3,2H,A,Gio,Goals,,none,none,0.7730,0.2020,,
2026-05-21,39:08.4,2H,A,Richard,Interceptions,,none,,,,,
2026-05-21,39:12.6,2H,B,Bailey,Interceptions,,none,,,,,
2026-05-21,39:20.5,2H,A,Ines,Tackles,,none,,,,,
2026-05-21,39:28.2,2H,A,Gio,Interceptions,,none,,,,,
2026-05-21,39:30.2,2H,A,Gio,On Target,,none,,,,,
2026-05-21,39:30.5,2H,A,Gio,Nutmegs,,none,,,,,
2026-05-21,39:30.5,2H,B,James,GK Saves,,none,,,,,
2026-05-21,39:43.8,2H,B,Lachlan,Key Passes,,none,,,,,
2026-05-21,39:46.8,2H,B,Bailey,On Target,,none,,,,,
2026-05-21,39:46.9,2H,A,Alberto,GK Saves,,none,,,,,
2026-05-21,39:47.8,2H,B,Lachlan,Goals,,none,none,0.8750,0.2950,,
2026-05-21,39:47.8,2H,B,Lachlan,On Target,,none,,,,,
2026-05-21,40:18.6,2H,B,Andres,Interceptions,,none,,,,,
2026-05-21,40:28.8,2H,B,Lachlan,Key Passes,,none,,,,,
2026-05-21,40:28.8,2H,B,Lachlan,Nutmegs,,none,,,,,
2026-05-21,40:29.5,2H,B,Bailey,Off Target,,none,,,,,
2026-05-21,40:30.6,2H,B,Lachlan,Off Target,,none,,,,,
2026-05-21,40:30.6,2H,B,Lachlan,Post,,none,,,,,
2026-05-21,40:34.3,2H,B,Bailey,Key Passes,,none,,,,,
2026-05-21,40:34.9,2H,B,Andres,Off Target,,none,,,,,
2026-05-21,40:36.4,2H,A,Richard,Interceptions,,none,,,,,
2026-05-21,40:43.9,2H,B,Lachlan,Interceptions,,none,,,,,
2026-05-21,40:45.7,2H,B,Andres,Tackles,,none,,,,,
2026-05-21,40:49.8,2H,A,Richard,Interceptions,,none,,,,,
2026-05-21,41:02.0,2H,B,Andres,Interceptions,,none,,,,,
2026-05-21,41:17.0,2H,A,Gio,Interceptions,,none,,,,,
2026-05-21,41:19.4,2H,B,Jake,Interceptions,,none,,,,,
2026-05-21,41:23.9,2H,B,Jake,On Target,,none,,,,,
2026-05-21,41:24.1,2H,A,Alberto,GK Saves,,none,,,,,
2026-05-21,41:27.3,2H,B,Jake,Key Passes,,none,,,,,
2026-05-21,41:29.3,2H,B,Andres,Off Target,,none,,,,,
2026-05-21,41:45.9,2H,B,Andres,Interceptions,,none,,,,,
2026-05-21,41:47.5,2H,B,Andres,Key Passes,,none,,,,,
2026-05-21,41:48.5,2H,B,Jake,Off Target,,none,,,,,
2026-05-21,41:53.7,2H,B,Lachlan,Interceptions,,none,,,,,
2026-05-21,42:01.8,2H,B,Bailey,Interceptions,,none,,,,,
2026-05-21,42:03.4,2H,A,Lach2,Tackles,,none,,,,,
2026-05-21,42:40.0,2H,A,Richard,Tackles,,none,,,,,
2026-05-21,43:03.8,2H,B,Lachlan,Off Target,,none,,,,,
2026-05-21,43:05.6,2H,B,Jake,Off Target,,none,,,,,
2026-05-21,43:27.4,2H,A,Richard,On Target,,none,,,,,
2026-05-21,43:27.4,2H,A,Richard,Goals,Gio,none,none,0.8160,0.2640,0.5880,0.7890
2026-05-21,43:56.4,2H,A,Ines,Interceptions,,none,,,,,
2026-05-21,43:59.0,2H,A,Ines,Key Passes,,none,,,,,
2026-05-21,44:00.1,2H,A,Richard,Off Target,,none,,,,,
2026-05-21,44:00.1,2H,A,Richard,Post,,none,,,,,
2026-05-21,44:02.0,2H,A,Ines,On Target,,none,,,,,
2026-05-21,44:02.5,2H,B,Lachlan,Blocks,,none,,,,,
2026-05-21,44:07.0,2H,B,James,GK Removed,,,,,,,
2026-05-21,44:07.0,2H,B,Jake,GK On,,,,,,,
2026-05-21,44:07.0,2H,B,James,On Target,,none,,,,,
2026-05-21,44:07.5,2H,A,Alberto,GK Saves,,none,,,,,
2026-05-21,44:16.0,2H,A,Ines,Interceptions,,none,,,,,
2026-05-21,44:20.3,2H,B,Lachlan,Tackles,,none,,,,,
2026-05-21,44:27.6,2H,A,Gio,Key Passes,,none,,,,,
2026-05-21,44:28.8,2H,A,Ines,On Target,,none,,,,,
2026-05-21,44:29.1,2H,B,Jake,GK Saves,,none,,,,,
2026-05-21,44:36.0,2H,A,Richard,Interceptions,,none,,,,,
2026-05-21,44:47.1,2H,A,Gio,Interceptions,,none,,,,,
2026-05-21,44:51.6,2H,A,Gio,Tackles,,none,,,,,
2026-05-21,44:55.6,2H,B,Lachlan,Key Passes,,none,,,,,
2026-05-21,44:56.7,2H,B,Bailey,Off Target,,none,,,,,
2026-05-21,45:00.4,2H,A,Ines,Interceptions,,none,,,,,
2026-05-21,45:08.2,2H,A,Alberto,GK Removed,,,,,,,
2026-05-21,45:08.2,2H,A,Ines,GK On,,,,,,,
2026-05-21,45:20.3,2H,B,James,Interceptions,,none,,,,,
2026-05-21,45:24.7,2H,A,Richard,Nutmegs,,none,,,,,
2026-05-21,45:24.7,2H,B,Lachlan,Interceptions,,none,,,,,
2026-05-21,45:33.5,2H,B,Andres,Interceptions,,none,,,,,
2026-05-21,45:37.2,2H,A,Alberto,Tackles,,none,,,,,
2026-05-21,45:44.6,2H,B,Lachlan,Interceptions,,none,,,,,
2026-05-21,45:48.9,2H,A,Alberto,Interceptions,,none,,,,,
2026-05-21,45:54.3,2H,A,Lach2,Off Target,,none,,,,,
2026-05-21,46:08.7,2H,B,James,Goals,Andres,highlight,highlight,0.7070,0.7900,0.2600,0.2320
2026-05-21,46:08.7,2H,B,James,On Target,,none,,,,,
2026-05-21,46:31.9,2H,B,James,Tackles,,none,,,,,
2026-05-21,46:36.7,2H,B,Bailey,Key Passes,,none,,,,,
2026-05-21,46:37.6,2H,B,Andres,Off Target,,none,,,,,
2026-05-21,46:46.3,2H,A,Lach2,Nutmegs,,none,,,,,
2026-05-21,46:47.3,2H,A,Gio,Goals,Lach2,highlight,highlight,0.8070,0.5010,0.6570,0.4900
2026-05-21,46:47.3,2H,A,Gio,On Target,,none,,,,,
2026-05-21,47:05.0,2H,B,Bailey,Key Passes,,none,,,,,
2026-05-21,47:06.4,2H,B,Lachlan,On Target,,none,,,,,
2026-05-21,47:06.9,2H,A,Ines,GK Saves,,none,,,,,
2026-05-21,47:11.9,2H,B,Lachlan,Interceptions,,none,,,,,
2026-05-21,47:18.3,2H,A,Alberto,Interceptions,,none,,,,,
2026-05-21,47:24.9,2H,B,Andres,Interceptions,,none,,,,,
2026-05-21,47:26.0,2H,A,Lach2,Tackles,,none,,,,,
2026-05-21,47:30.2,2H,A,Alberto,On Target,,none,,,,,
2026-05-21,47:30.2,2H,A,Alberto,Goals,Gio,highlight,none,0.8250,0.3030,0.5840,0.3280
2026-05-21,47:55.2,2H,A,Richard,Interceptions,,none,,,,,
2026-05-28,0:00.000,1H,A,Alberto,GK On,,,,,,,
2026-05-28,0:00.000,1H,B,James,GK On,,,,,,,
2026-05-28,0:08.313,1H,B,Ines,On Target,,none,,,,,
2026-05-28,0:08.782,1H,A,Alberto,GK Saves,,none,,,,,
2026-05-28,0:11.826,1H,B,Richard,Tackles,,none,,,,,
2026-05-28,0:12.856,1H,B,Ines,Key Passes,,none,,,,,
2026-05-28,0:14.401,1H,B,Richard,Off Target,,none,,,,,
2026-05-28,0:15.739,1H,B,Jake,Off Target,,none,,,,,
2026-05-28,0:15.739,1H,B,Jake,Post,,none,,,,,
2026-05-28,0:22.451,1H,B,Richard,Interceptions,,none,,,,,
2026-05-28,0:23.072,1H,A,Xavier,Tackles,,none,,,,,
2026-05-28,0:27.162,1H,B,Ines,Interceptions,,none,,,,,
2026-05-28,0:28.908,1H,A,Xavier,Tackles,,none,,,,,
2026-05-28,0:32.876,1H,A,Lach2,Goals,Lachlan,none,none,0.7270,0.5230,0.5630,0.7360
2026-05-28,0:32.876,1H,A,Lach2,On Target,,none,,,,,
2026-05-28,0:53.192,1H,A,Lach2,Interceptions,,none,,,,,
2026-05-28,0:53.884,1H,B,Gio,Tackles,,none,,,,,
2026-05-28,0:57.715,1H,A,James2,On Target,,none,,,,,
2026-05-28,0:58.107,1H,B,James,GK Saves,,none,,,,,
2026-05-28,1:06.869,1H,A,Xavier,Tackles,,none,,,,,
2026-05-28,1:09.105,1H,B,Jake,Interceptions,,none,,,,,
2026-05-28,1:14.170,1H,B,Gio,Key Passes,,none,,,,,
2026-05-28,1:15.808,1H,B,Jake,On Target,,none,,,,,
2026-05-28,1:15.841,1H,A,Lachlan,Blocks,,none,,,,,
2026-05-28,1:35.031,1H,B,Ines,Interceptions,,none,,,,,
2026-05-28,1:38.076,1H,A,James2,Interceptions,,none,,,,,
2026-05-28,1:41.150,1H,B,Ines,Interceptions,,none,,,,,
2026-05-28,1:48.061,1H,A,James2,Interceptions,,none,,,,,
2026-05-28,1:51.981,1H,A,James2,Nutmegs,,none,,,,,
2026-05-28,1:52.665,1H,B,Ines,Interceptions,,none,,,,,
2026-05-28,1:57.495,1H,B,Gio,Interceptions,,none,,,,,
2026-05-28,1:58.188,1H,A,Xavier,Nutmegs,,none,,,,,
2026-05-28,1:59.926,1H,B,Ines,Interceptions,,none,,,,,
2026-05-28,2:01.850,1H,A,Lachlan,On Target,,none,,,,,
2026-05-28,2:02.349,1H,B,James,GK Saves,,none,,,,,
2026-05-28,2:07.150,1H,B,Richard,Interceptions,,none,,,,,
2026-05-28,2:09.664,1H,B,Jake,Tackles,,none,,,,,
2026-05-28,2:19.734,1H,A,Lachlan,Interceptions,,none,,,,,
2026-05-28,2:37.826,1H,A,Lachlan,Nutmegs,,none,,,,,
2026-05-28,2:40.411,1H,A,Lach2,Interceptions,,none,,,,,
2026-05-28,2:42.568,1H,A,Lach2,On Target,,none,,,,,
2026-05-28,2:42.568,1H,B,James,GK Saves,,none,,,,,
2026-05-28,2:47.854,1H,B,James,Key Passes,,none,,,,,
2026-05-28,2:50.722,1H,B,Jake,On Target,,none,,,,,
2026-05-28,2:50.964,1H,A,Alberto,GK Saves,,none,,,,,
2026-05-28,2:58.294,1H,B,Richard,Interceptions,,none,,,,,
2026-05-28,3:00.691,1H,A,Lach2,Key Passes,,none,,,,,
2026-05-28,3:01.804,1H,A,Xavier,Off Target,,none,,,,,
2026-05-28,3:18.629,1H,A,Xavier,Interceptions,,none,,,,,
2026-05-28,3:21.102,1H,A,Lach2,Tackles,,none,,,,,
2026-05-28,3:23.812,1H,B,Richard,Interceptions,,none,,,,,
2026-05-28,3:31.205,1H,B,James,Key Passes,,none,,,,,
2026-05-28,3:34.109,1H,B,Gio,On Target,,none,,,,,
2026-05-28,3:34.612,1H,A,Alberto,GK Saves,,none,,,,,
2026-05-28,3:37.519,1H,A,Lachlan,Interceptions,,none,,,,,
2026-05-28,3:40.405,1H,A,Lach2,Interceptions,,none,,,,,
2026-05-28,3:42.541,1H,B,Richard,Tackles,,none,,,,,
2026-05-28,3:49.239,1H,A,James2,Interceptions,,none,,,,,
2026-05-28,3:53.608,1H,B,Gio,Interceptions,,none,,,,,
2026-05-28,3:54.528,1H,A,James2,On Target,,none,,,,,
2026-05-28,3:54.528,1H,A,James2,Nutmegs,,none,,,,,
2026-05-28,3:54.980,1H,B,James,GK Saves,,none,,,,,
2026-05-28,3:56.860,1H,A,Lachlan,Goals,,none,none,0.9050,0.8030,,
2026-05-28,4:18.874,1H,A,Xavier,Interceptions,,none,,,,,
2026-05-28,4:19.466,1H,B,Richard,Tackles,,none,,,,,
2026-05-28,4:22.781,1H,A,James2,On Target,,none,,,,,
2026-05-28,4:22.781,1H,A,James2,Goals,,none,none,0.7070,0.1450,,
2026-05-28,3:56.897,1H,A,Lachlan,On Target,,none,,,,,
2026-05-28,4:04.430,1H,B,James,GK Removed,,,,,,,
2026-05-28,4:04.430,1H,B,Ines,GK On,,,,,,,
2026-05-28,4:36.763,1H,A,Alberto,GK Saves,,none,,,,,
2026-05-28,4:36.000,1H,B,James,On Target,,none,,,,,
2026-05-28,4:40.669,1H,B,Richard,Interceptions,,none,,,,,
2026-05-28,4:42.871,1H,B,James,Key Passes,,none,,,,,
2026-05-28,4:44.456,1H,B,Richard,Off Target,,none,,,,,
2026-05-28,5:09.819,1H,A,Lach2,Key Passes,,none,,,,,
2026-05-28,5:12.095,1H,A,Lachlan,Off Target,,none,,,,,
2026-05-28,5:13.923,1H,A,Lach2,Off Target,,none,,,,,
2026-05-28,5:13.923,1H,A,Lach2,Nutmegs,,none,,,,,
2026-05-28,5:17.215,1H,B,Gio,Interceptions,,none,,,,,
2026-05-28,5:18.871,1H,B,Gio,Tackles,,none,,,,,
2026-05-28,5:22.697,1H,B,Ines,Key Passes,,none,,,,,
2026-05-28,5:26.167,1H,B,Jake,Off Target,,none,,,,,
2026-05-28,5:26.207,1H,A,Alberto,GK Saves,,none,,,,,
2026-05-28,5:31.180,1H,B,Gio,Tackles,,none,,,,,
2026-05-28,5:31.464,1H,B,Gio,Nutmegs,,none,,,,,
2026-05-28,5:46.306,1H,A,Lachlan,Nutmegs,,none,,,,,
2026-05-28,5:46.597,1H,B,Gio,Interceptions,,none,,,,,
2026-05-28,5:50.739,1H,B,Jake,Off Target,,none,,,,,
2026-05-28,5:50.739,1H,B,Jake,Post,,none,,,,,
2026-05-28,5:56.182,1H,A,Lach2,Key Passes,,none,,,,,
2026-05-28,5:58.330,1H,A,Lachlan,On Target,,none,,,,,
2026-05-28,5:58.462,1H,B,Gio,Blocks,,none,,,,,
2026-05-28,6:09.052,1H,A,Lach2,Interceptions,,none,,,,,
2026-05-28,6:17.207,1H,B,James,Interceptions,,none,,,,,
2026-05-28,6:27.779,1H,A,Lachlan,Key Passes,,none,,,,,
2026-05-28,6:28.672,1H,A,Xavier,Off Target,,none,,,,,
2026-05-28,6:32.164,1H,A,Lachlan,Off Target,,none,,,,,
2026-05-28,6:32.296,1H,B,Gio,Blocks,,none,,,,,
2026-05-28,6:34.608,1H,B,Richard,Interceptions,,none,,,,,
2026-05-28,6:54.810,1H,A,James2,Key Passes,,none,,,,,
2026-05-28,6:56.048,1H,A,Xavier,Off Target,,none,,,,,
2026-05-28,6:58.854,1H,A,Xavier,Tackles,,none,,,,,
2026-05-28,7:00.192,1H,B,Jake,Tackles,,none,,,,,
2026-05-28,7:03.490,1H,A,James2,Key Passes,,none,,,,,
2026-05-28,7:04.417,1H,A,Lachlan,On Target,,none,,,,,
2026-05-28,7:04.549,1H,B,Ines,GK Saves,,none,,,,,
2026-05-28,7:05.246,1H,A,Lachlan,Nutmegs,,none,,,,,
2026-05-28,7:05.246,1H,A,Lachlan,Goals,James2,none,none,0.8210,0.2730,0.5880,0.6660
2026-05-28,7:05.246,1H,A,Lachlan,On Target,,none,,,,,
2026-05-28,7:11.059,1H,B,Ines,GK Removed,,,,,,,
2026-05-28,7:11.059,1H,B,Richard,GK On,,,,,,,
2026-05-28,7:27.471,1H,B,James,Key Passes,,none,,,,,
2026-05-28,7:28.360,1H,B,Jake,Off Target,,none,,,,,
2026-05-28,7:36.365,1H,A,Lach2,Key Passes,,none,,,,,
2026-05-28,7:38.852,1H,A,James2,On Target,,none,,,,,
2026-05-28,7:39.149,1H,B,Richard,GK Saves,,none,,,,,
2026-05-28,7:58.674,1H,A,Xavier,Interceptions,,none,,,,,
2026-05-28,8:06.308,1H,B,James,Interceptions,,none,,,,,
2026-05-28,8:18.691,1H,A,Lachlan,Interceptions,,none,,,,,
2026-05-28,8:28.919,1H,A,James2,Key Passes,,none,,,,,
2026-05-28,8:30.176,1H,A,Lachlan,Off Target,,none,,,,,
2026-05-28,8:35.684,1H,A,Lach2,On Target,,none,,,,,
2026-05-28,8:35.684,1H,A,Lach2,Goals,James2,none,none,0.7550,0.5880,0.7620,0.1350
2026-05-28,8:50.372,1H,B,Gio,Off Target,,none,,,,,
2026-05-28,8:52.847,1H,B,James,Off Target,,none,,,,,
2026-05-28,9:06.988,1H,B,Ines,Tackles,,none,,,,,
2026-05-28,9:09.062,1H,A,Xavier,Interceptions,,none,,,,,
2026-05-28,9:11.576,1H,A,Xavier,On Target,,none,,,,,
2026-05-28,9:11.576,1H,A,Xavier,Goals,,highlight,none,0.6730,0.9700,,
2026-05-28,9:29.236,1H,B,Ines,On Target,,none,,,,,
2026-05-28,9:29.688,1H,A,Xavier,Blocks,,none,,,,,
2026-05-28,9:34.067,1H,B,James,Interceptions,,none,,,,,
2026-05-28,9:35.254,1H,B,James,On Target,,none,,,,,
2026-05-28,9:35.346,1H,A,Alberto,GK Saves,,none,,,,,
2026-05-28,9:38.032,1H,B,Ines,On Target,,none,,,,,
2026-05-28,9:38.032,1H,B,Ines,Goals,,none,none,0.6070,0.6630,,
2026-05-28,9:59.323,1H,A,Lachlan,Goals,Lach2,none,highlight,0.8460,0.4960,0.5520,0.7360
2026-05-28,10:28.575,1H,A,James2,Interceptions,,none,,,,,
2026-05-28,10:37.244,1H,A,James2,Key Passes,,none,,,,,
2026-05-28,10:38.078,1H,A,Lach2,Off Target,,none,,,,,
2026-05-28,10:39.544,1H,B,Richard,Interceptions,,none,,,,,
2026-05-28,10:42.945,1H,A,Xavier,Interceptions,,none,,,,,
2026-05-28,10:50.020,1H,B,Jake,Tackles,,none,,,,,
2026-05-28,10:50.828,1H,A,Xavier,Off Target,,none,,,,,
2026-05-28,10:57.102,1H,A,Lach2,Interceptions,,none,,,,,
2026-05-28,10:59.416,1H,A,Lach2,Key Passes,,none,,,,,
2026-05-28,11:00.229,1H,A,James2,Off Target,,none,,,,,
2026-05-28,11:11.007,1H,A,Lachlan,Tackles,,none,,,,,
2026-05-28,11:13.499,1H,B,Jake,Off Target,,none,,,,,
2026-05-28,11:13.528,1H,B,Jake,Post,,none,,,,,
2026-05-28,11:19.015,1H,B,Ines,Tackles,,none,,,,,
2026-05-28,11:31.222,1H,B,Jake,Interceptions,,none,,,,,
2026-05-28,11:32.776,1H,A,Lach2,Tackles,,none,,,,,
2026-05-28,11:39.280,1H,B,James,Key Passes,,none,,,,,
2026-05-28,11:40.165,1H,B,Gio,On Target,,none,,,,,
2026-05-28,11:40.501,1H,A,Alberto,GK Saves,,none,,,,,
2026-05-28,11:48.600,1H,B,Jake,Interceptions,,none,,,,,
2026-05-28,11:54.241,1H,B,Jake,Key Passes,,none,,,,,
2026-05-28,11:56.907,1H,B,James,Off Target,,none,,,,,
2026-05-28,11:53.176,1H,A,Alberto,GK Removed,,,,,,,
2026-05-28,11:53.176,1H,A,Lachlan,GK On,,,,,,,
2026-05-28,11:57.383,1H,A,Lachlan,GK Saves,,none,,,,,
2026-05-28,12:24.976,1H,A,James2,Tackles,,none,,,,,
2026-05-28,12:29.131,1H,B,James,Tackles,,none,,,,,
2026-05-28,12:36.214,1H,A,James2,Interceptions,,none,,,,,
2026-05-28,12:46.802,1H,B,James,Key Passes,,none,,,,,
2026-05-28,12:47.460,1H,B,Gio,On Target,,none,,,,,
2026-05-28,12:47.926,1H,A,Lachlan,GK Saves,,none,,,,,
2026-05-28,12:58.118,1H,A,Alberto,Nutmegs,,none,,,,,
2026-05-28,12:58.118,1H,B,Jake,Interceptions,,none,,,,,
2026-05-28,13:01.192,1H,A,Lach2,Tackles,,none,,,,,
2026-05-28,13:05.044,1H,A,Lach2,Key Passes,,none,,,,,
2026-05-28,13:08.687,1H,A,Xavier,On Target,,none,,,,,
2026-05-28,13:09.067,1H,B,Richard,GK Saves,,none,,,,,
2026-05-28,13:11.992,1H,A,Lach2,Off Target,,none,,,,,
2026-05-28,13:11.992,1H,A,Lach2,Post,,none,,,,,
2026-05-28,13:13.753,1H,A,Xavier,Goals,,none,none,0.9030,0.2070,,
2026-05-28,13:26.776,1H,B,Richard,GK Removed,,,,,,,
2026-05-28,13:26.776,1H,B,Ines,GK On,,,,,,,
2026-05-28,13:40.550,1H,B,Richard,Tackles,,none,,,,,
2026-05-28,13:42.039,1H,B,Richard,Interceptions,,none,,,,,
2026-05-28,13:58.899,1H,B,Gio,Tackles,,none,,,,,
2026-05-28,14:13.992,1H,B,Richard,Interceptions,,none,,,,,
2026-05-28,14:21.212,1H,B,James,Key Passes,,none,,,,,
2026-05-28,14:23.771,1H,B,Jake,Off Target,,none,,,,,
2026-05-28,14:36.591,1H,A,Xavier,Interceptions,,none,,,,,
2026-05-28,14:38.642,1H,A,Xavier,Interceptions,,none,,,,,
2026-05-28,14:53.548,1H,B,Richard,Interceptions,,none,,,,,
2026-05-28,14:54.522,1H,B,Richard,Key Passes,,none,,,,,
2026-05-28,14:56.026,1H,B,Jake,Off Target,,none,,,,,
2026-05-28,14:56.208,1H,A,James2,Blocks,,none,,,,,
2026-05-28,15:04.990,1H,A,Xavier,On Target,,none,,,,,
2026-05-28,15:05.023,1H,B,Gio,Blocks,,none,,,,,
2026-05-28,15:10.154,1H,A,Lach2,Tackles,,none,,,,,
2026-05-28,15:13.439,1H,B,Jake,Key Passes,,none,,,,,
2026-05-28,15:16.105,1H,B,James,On Target,,none,,,,,
2026-05-28,15:16.635,1H,A,Lachlan,GK Saves,,none,,,,,
2026-05-28,15:19.735,1H,B,Gio,Interceptions,,none,,,,,
2026-05-28,15:22.171,1H,B,Jake,On Target,,none,,,,,
2026-05-28,15:22.363,1H,A,Xavier,Blocks,,none,,,,,
2026-05-28,15:27.799,1H,A,James2,On Target,,none,,,,,
2026-05-28,15:27.832,1H,B,Richard,Blocks,,none,,,,,
2026-05-28,15:39.463,1H,A,James2,Tackles,,none,,,,,
2026-05-28,15:46.915,1H,A,Lachlan,GK Removed,,,,,,,
2026-05-28,15:46.915,1H,A,James2,GK On,,,,,,,
2026-05-28,15:54.880,1H,A,Lachlan,Interceptions,,none,,,,,
2026-05-28,15:59.998,1H,B,Richard,Tackles,,none,,,,,
2026-05-28,16:09.348,1H,B,Richard,On Target,,none,,,,,
2026-05-28,16:10.931,1H,B,Jake,Off Target,,none,,,,,
2026-05-28,16:13.693,1H,B,James,Nutmegs,,none,,,,,
2026-05-28,16:13.691,1H,B,James,Key Passes,,none,,,,,
2026-05-28,16:15.207,1H,B,Richard,On Target,,none,,,,,
2026-05-28,16:15.476,1H,A,Xavier,Blocks,,none,,,,,
2026-05-28,16:21.301,1H,A,Alberto,Tackles,,none,,,,,
2026-05-28,16:30.361,1H,B,Ines,Key Passes,,none,,,,,
2026-05-28,16:33.774,1H,B,James,On Target,,none,,,,,
2026-05-28,16:34.194,1H,A,James2,GK Saves,,none,,,,,
2026-05-28,17:12.754,1H,A,Lach2,Key Passes,,none,,,,,
2026-05-28,17:15.076,1H,A,Lachlan,On Target,,none,,,,,
2026-05-28,17:15.355,1H,B,Ines,GK Saves,,none,,,,,
2026-05-28,17:16.797,1H,B,Gio,Interceptions,,none,,,,,
2026-05-28,17:20.040,1H,B,Gio,Key Passes,,none,,,,,
2026-05-28,17:22.022,1H,B,James,On Target,,none,,,,,
2026-05-28,17:22.391,1H,A,James2,GK Saves,,none,,,,,
2026-05-28,17:23.569,1H,B,Jake,Goals,,none,none,0.8620,0.2330,,
2026-05-28,17:23.569,1H,B,Jake,On Target,,none,,,,,
2026-05-28,18:09.105,1H,B,James,Interceptions,,none,,,,,
2026-05-28,18:18.459,1H,B,Richard,Interceptions,,none,,,,,
2026-05-28,18:20.546,1H,B,Richard,Off Target,,none,,,,,
2026-05-28,18:28.109,1H,B,Gio,Interceptions,,none,,,,,
2026-05-28,18:29.139,1H,B,Jake,Tackles,,none,,,,,
2026-05-28,18:32.348,1H,A,Lachlan,Interceptions,,none,,,,,
2026-05-28,18:38.928,1H,A,Lach2,Interceptions,,none,,,,,
2026-05-28,18:46.055,1H,B,Richard,Tackles,,none,,,,,
2026-05-28,18:51.825,1H,B,Richard,Interceptions,,none,,,,,
2026-05-28,18:53.073,1H,A,Lachlan,Key Passes,,none,,,,,
2026-05-28,18:55.505,1H,A,Lach2,Off Target,,none,,,,,
2026-05-28,18:56.707,1H,A,Alberto,Off Target,,none,,,,,
2026-05-28,19:10.972,1H,B,Gio,Key Passes,,none,,,,,
2026-05-28,19:12.287,1H,B,Jake,On Target,,none,,,,,
2026-05-28,19:12.871,1H,A,James2,GK Saves,,none,,,,,
2026-05-28,19:19.560,1H,B,Richard,Interceptions,,none,,,,,
2026-05-28,19:20.996,1H,A,Alberto,Interceptions,,none,,,,,
2026-05-28,19:26.447,1H,B,Jake,Tackles,,none,,,,,
2026-05-28,19:34.734,1H,A,Lach2,Interceptions,,none,,,,,
2026-05-28,19:46.215,1H,B,James,Key Passes,,none,,,,,
2026-05-28,19:47.953,1H,B,Gio,On Target,,none,,,,,
2026-05-28,19:48.105,1H,A,Lach2,Blocks,,none,,,,,
2026-05-28,20:15.227,1H,B,Richard,Interceptions,,none,,,,,
2026-05-28,20:28.150,1H,B,Ines,GK Removed,,,,,,,
2026-05-28,20:28.150,1H,B,Richard,GK On,,,,,,,
2026-05-28,20:40.410,1H,A,Lachlan,Key Passes,,none,,,,,
2026-05-28,20:42.129,1H,A,Xavier,Off Target,,none,,,,,
2026-05-28,20:44.337,1H,A,Xavier,Tackles,,none,,,,,
2026-05-28,20:46.325,1H,A,Xavier,Off Target,,none,,,,,
2026-05-28,20:46.788,1H,B,Richard,GK Saves,,none,,,,,
2026-05-28,20:49.105,1H,A,Lachlan,On Target,,none,,,,,
2026-05-28,20:49.297,1H,B,Richard,GK Saves,,none,,,,,
2026-05-28,21:01.097,1H,A,Alberto,Tackles,,none,,,,,
2026-05-28,21:07.578,1H,A,Lachlan,On Target,,none,,,,,
2026-05-28,21:07.578,1H,A,Lachlan,Goals,Xavier,highlight,none,0.7710,0.7680,0.7160,0.5040
2026-05-28,21:06.336,1H,A,Lachlan,Nutmegs,,none,,,,,
2026-05-28,21:27.923,1H,A,Alberto,Interceptions,,none,,,,,
2026-05-28,21:41.425,1H,B,Ines,Interceptions,,none,,,,,
2026-05-28,21:42.295,1H,A,Lach2,Tackles,,none,,,,,
2026-05-28,21:58.235,1H,A,Xavier,On Target,,none,,,,,
2026-05-28,21:58.951,1H,B,Richard,GK Saves,,none,,,,,
2026-05-28,22:08.920,1H,A,Lachlan,Key Passes,,none,,,,,
2026-05-28,22:09.768,1H,A,Xavier,Off Target,,none,,,,,
2026-05-28,22:10.048,1H,B,Ines,Blocks,,none,,,,,
2026-05-28,22:15.943,1H,A,Xavier,Tackles,,none,,,,,
2026-05-28,22:37.495,1H,A,Alberto,Interceptions,,none,,,,,
2026-05-28,22:40.008,1H,A,Alberto,Off Target,,none,,,,,
2026-05-28,22:46.267,1H,A,Lach2,Interceptions,,none,,,,,
2026-05-28,22:48.085,1H,A,Alberto,Key Passes,,none,,,,,
2026-05-28,22:50.302,1H,A,Lach2,Off Target,,none,,,,,
2026-05-28,23:08.540,1H,B,Ines,Interceptions,,none,,,,,
2026-05-28,23:21.582,1H,B,Ines,Interceptions,,none,,,,,
2026-05-28,23:21.681,1H,B,Ines,Off Target,,none,,,,,
2026-05-28,23:21.681,1H,B,Ines,Post,,none,,,,,
2026-05-28,23:23.999,1H,B,Gio,On Target,,none,,,,,
2026-05-28,23:24.190,1H,A,Xavier,Blocks,,none,,,,,
2026-05-28,23:32.634,1H,A,Lachlan,Key Passes,,none,,,,,
2026-05-28,23:33.842,1H,A,Alberto,Off Target,,none,,,,,
2026-05-28,23:45.403,1H,A,Lach2,Interceptions,,none,,,,,
2026-05-28,23:45.509,1H,A,Lach2,Key Passes,,none,,,,,
2026-05-28,23:49.837,1H,A,Xavier,On Target,,none,,,,,
2026-05-28,23:49.923,1H,A,Xavier,Nutmegs,,none,,,,,
2026-05-28,23:49.923,1H,B,Gio,Blocks,,none,,,,,
2026-05-28,23:54.165,1H,A,Xavier,Interceptions,,none,,,,,
2026-05-28,23:55.228,1H,A,Xavier,On Target,,none,,,,,
2026-05-28,23:55.228,1H,A,Xavier,Goals,,none,none,0.8250,0.6940,,
2026-05-28,24:07.543,1H,B,Richard,GK Removed,,,,,,,
2026-05-28,24:07.543,1H,B,Gio,GK On,,,,,,,
2026-05-28,24:21.918,1H,A,Alberto,Tackles,,none,,,,,
2026-05-28,24:26.424,1H,B,James,Interceptions,,none,,,,,
2026-05-28,24:26.509,1H,B,James,Nutmegs,,none,,,,,
2026-05-28,24:29.471,1H,B,Ines,Key Passes,,none,,,,,
2026-05-28,24:31.445,1H,B,Richard,Off Target,,none,,,,,
2026-05-28,24:34.100,1H,B,Ines,Off Target,,none,,,,,
2026-05-28,24:36.824,1H,B,James,Off Target,,none,,,,,
2026-05-28,24:39.709,1H,B,Jake,Off Target,,none,,,,,
2026-05-28,24:42.578,1H,B,Ines,Off Target,,none,,,,,
2026-05-28,24:47.047,1H,B,Ines,Off Target,,none,,,,,
2026-05-28,24:47.047,1H,B,Ines,Post,,none,,,,,
2026-05-28,25:07.364,1H,B,Ines,Tackles,,none,,,,,
2026-05-28,25:08.067,1H,B,Ines,On Target,,none,,,,,
2026-05-28,25:08.067,1H,B,Ines,Goals,,none,none,0.8090,0.2110,,
2026-05-28,25:15.489,2H,A,James2,GK Removed,,,,,,,
2026-05-28,25:15.489,2H,A,Alberto,GK On,,,,,,,
2026-05-28,25:15.489,2H,B,Gio,GK Removed,,,,,,,
2026-05-28,25:15.489,2H,B,James,GK On,,,,,,,
2026-05-28,25:31.702,2H,B,Jake,Interceptions,,none,,,,,
2026-05-28,25:41.616,2H,B,Richard,Interceptions,,none,,,,,
2026-05-28,25:46.552,2H,A,Lach2,Tackles,,none,,,,,
2026-05-28,25:54.070,2H,A,Lach2,On Target,,none,,,,,
2026-05-28,25:54.030,2H,A,Lach2,Goals,James2,highlight,none,0.8940,0.1980,0.5820,0.7710
2026-05-28,26:19.424,2H,B,Jake,Key Passes,,none,,,,,
2026-05-28,26:20.690,2H,B,Gio,Off Target,,none,,,,,
2026-05-28,26:22.182,2H,B,Richard,On Target,,none,,,,,
2026-05-28,26:22.638,2H,A,Alberto,GK Saves,,none,,,,,
2026-05-28,26:28.429,2H,B,Ines,Interceptions,,none,,,,,
2026-05-28,26:29.367,2H,B,Richard,Interceptions,,none,,,,,
2026-05-28,26:33.608,2H,B,James,Key Passes,,none,,,,,
2026-05-28,26:36.381,2H,B,Jake,Off Target,,none,,,,,
2026-05-28,26:44.559,2H,B,Richard,Interceptions,,none,,,,,
2026-05-28,26:49.679,2H,B,Gio,On Target,,none,,,,,
2026-05-28,26:49.679,2H,B,Gio,Goals,Richard,none,none,0.8300,0.1760,0.7250,0.2710
2026-05-28,27:10.533,2H,B,Gio,Tackles,,none,,,,,
2026-05-28,27:14.899,2H,A,James2,Interceptions,,none,,,,,
2026-05-28,27:28.084,2H,A,Lach2,Off Target,,none,,,,,
2026-05-28,27:28.438,2H,B,Jake,Blocks,,none,,,,,
2026-05-28,27:31.155,2H,A,James2,Key Passes,,none,,,,,
2026-05-28,27:32.010,2H,A,Xavier,Off Target,,none,,,,,
2026-05-28,27:38.790,2H,B,Jake,On Target,,none,,,,,
2026-05-28,27:38.790,2H,B,Jake,Goals,Gio,none,highlight,0.7570,0.6100,0.6480,0.2100
2026-05-28,28:09.773,2H,B,Jake,Tackles,,none,,,,,
2026-05-28,28:09.908,2H,B,Jake,Nutmegs,,none,,,,,
2026-05-28,28:14.424,2H,A,Lach2,Interceptions,,none,,,,,
2026-05-28,28:18.812,2H,B,Richard,Interceptions,,none,,,,,
2026-05-28,28:33.641,2H,B,Richard,Interceptions,,none,,,,,
2026-05-28,28:37.615,2H,A,Lachlan,Interceptions,,none,,,,,
2026-05-28,28:39.094,2H,A,Lachlan,Key Passes,,none,,,,,
2026-05-28,28:40.294,2H,A,Xavier,Off Target,,none,,,,,
2026-05-28,29:03.304,2H,A,Xavier,Interceptions,,none,,,,,
2026-05-28,29:06.856,2H,B,Gio,Key Passes,,none,,,,,
2026-05-28,29:10.121,2H,B,Jake,On Target,,none,,,,,
2026-05-28,29:10.365,2H,A,Alberto,GK Saves,,none,,,,,
2026-05-28,29:12.464,2H,A,Lach2,Interceptions,,none,,,,,
2026-05-28,29:15.808,2H,A,Lach2,Interceptions,,none,,,,,
2026-05-28,29:19.335,2H,B,Ines,Interceptions,,none,,,,,
2026-05-28,29:21.875,2H,B,Jake,Key Passes,,none,,,,,
2026-05-28,29:23.042,2H,B,Ines,On Target,,none,,,,,
2026-05-28,29:23.456,2H,A,Alberto,GK Saves,,none,,,,,
2026-05-28,29:31.348,2H,B,Richard,Interceptions,,none,,,,,
2026-05-28,29:44.996,2H,B,Richard,Key Passes,,none,,,,,
2026-05-28,29:45.976,2H,B,Jake,On Target,,none,,,,,
2026-05-28,29:46.126,2H,A,Lachlan,Blocks,,none,,,,,
2026-05-28,29:55.960,2H,A,James2,Interceptions,,none,,,,,
2026-05-28,29:59.843,2H,B,Richard,On Target,,none,,,,,
2026-05-28,29:59.843,2H,B,Richard,Goals,Ines,none,none,0.6390,0.8030,0.6290,0.1000
2026-05-28,30:32.415,2H,B,Gio,Interceptions,,none,,,,,
2026-05-28,30:34.049,2H,B,Gio,On Target,,none,,,,,
2026-05-28,30:34.317,2H,A,Alberto,GK Saves,,none,,,,,
2026-05-28,30:50.683,2H,A,Xavier,On Target,,none,,,,,
2026-05-28,30:50.898,2H,B,James,GK Saves,,none,,,,,
2026-05-28,31:18.006,2H,B,Richard,Key Passes,,none,,,,,
2026-05-28,31:19.066,2H,B,Ines,On Target,,none,,,,,
2026-05-28,31:19.434,2H,A,Alberto,GK Saves,,none,,,,,
2026-05-28,31:22.084,2H,B,Richard,Interceptions,,none,,,,,
2026-05-28,31:30.170,2H,B,Jake,Interceptions,,none,,,,,
2026-05-28,31:32.317,2H,B,Gio,Tackles,,none,,,,,
2026-05-28,31:34.305,2H,A,Lach2,Tackles,,none,,,,,
2026-05-28,31:37.268,2H,A,Lach2,Off Target,,none,,,,,
2026-05-28,31:48.531,2H,A,James2,Interceptions,,none,,,,,
2026-05-28,31:58.101,2H,A,Lachlan,Off Target,,none,,,,,
2026-05-28,32:03.647,2H,A,Lach2,Interceptions,,none,,,,,
2026-05-28,32:07.328,2H,A,Lach2,On Target,,none,,,,,
2026-05-28,32:07.890,2H,B,James,GK Saves,,none,,,,,
2026-05-28,32:11.790,2H,B,Gio,Tackles,,none,,,,,
2026-05-28,32:37.570,2H,A,Lach2,Goals,James2,none,none,0.7520,0.2240,0.6930,0.6400
2026-05-28,32:37.570,2H,A,Lach2,On Target,,none,,,,,
2026-05-28,32:37.785,2H,A,Lach2,Nutmegs,,none,,,,,
2026-05-28,32:55.856,2H,A,Lachlan,Tackles,,none,,,,,
2026-05-28,32:57.566,2H,A,Lachlan,Key Passes,,none,,,,,
2026-05-28,33:00.443,2H,A,Xavier,Off Target,,none,,,,,
2026-05-28,33:03.702,2H,A,Lachlan,Interceptions,,none,,,,,
2026-05-28,33:12.034,2H,B,Richard,On Target,,none,,,,,
2026-05-28,33:12.034,2H,B,Richard,Goals,Jake,none,none,0.8120,0.5670,0.7930,0.1880
2026-05-28,33:27.411,2H,A,Xavier,Off Target,,none,,,,,
2026-05-28,33:27.720,2H,B,Jake,Blocks,,none,,,,,
2026-05-28,34:11.477,2H,B,Richard,Interceptions,,none,,,,,
2026-05-28,34:26.662,2H,A,Lachlan,Interceptions,,none,,,,,
2026-05-28,32:47.315,2H,B,James,GK Removed,,,,,,,
2026-05-28,32:47.315,2H,B,Ines,GK On,,,,,,,
2026-05-28,34:32.294,2H,B,James,Key Passes,,none,,,,,
2026-05-28,34:33.620,2H,B,Jake,Off Target,,none,,,,,
2026-05-28,34:43.398,2H,B,Richard,Interceptions,,none,,,,,
2026-05-28,34:48.024,2H,A,Xavier,Tackles,,none,,,,,
2026-05-28,35:03.412,2H,B,Richard,Interceptions,,none,,,,,
2026-05-28,35:06.286,2H,A,Lach2,Tackles,,none,,,,,
2026-05-28,35:10.952,2H,B,Jake,Interceptions,,none,,,,,
2026-05-28,35:12.167,2H,A,Lach2,On Target,,none,,,,,
2026-05-28,35:12.283,2H,B,Gio,Blocks,,none,,,,,
2026-05-28,35:19.520,2H,A,Xavier,On Target,,none,,,,,
2026-05-28,35:19.789,2H,B,Ines,GK Saves,,none,,,,,
2026-05-28,35:28.720,2H,B,Gio,Key Passes,,none,,,,,
2026-05-28,35:29.852,2H,B,Richard,On Target,,none,,,,,
2026-05-28,35:30.077,2H,A,Alberto,GK Saves,,none,,,,,
2026-05-28,35:33.225,2H,B,Gio,Goals,James,none,none,0.7570,0.5800,0.8870,0.8590
2026-05-28,35:51.924,2H,A,Lach2,Key Passes,,none,,,,,
2026-05-28,35:53.909,2H,A,Lachlan,On Target,,none,,,,,
2026-05-28,35:54.031,2H,B,Ines,GK Saves,,none,,,,,
2026-05-28,36:00.102,2H,A,Lachlan,Tackles,,none,,,,,
2026-05-28,36:00.102,2H,A,Lachlan,Nutmegs,,none,,,,,
2026-05-28,36:27.038,2H,B,Jake,On Target,,none,,,,,
2026-05-28,36:27.038,2H,B,Jake,Goals,Richard,none,highlight,0.7960,0.2420,0.4970,0.4900
2026-05-28,36:56.456,2H,B,James,Tackles,,none,,,,,
2026-05-28,36:59.254,2H,B,Jake,Tackles,,none,,,,,
2026-05-28,36:59.254,2H,B,Jake,Nutmegs,,none,,,,,
2026-05-28,37:00.337,2H,B,Jake,On Target,,none,,,,,
2026-05-28,37:00.337,2H,B,Jake,Goals,,none,none,0.7390,0.7600,,
2026-05-28,37:14.488,2H,B,Jake,Tackles,,none,,,,,
2026-05-28,37:23.395,2H,B,Gio,Tackles,,none,,,,,
2026-05-28,37:40.180,2H,B,Jake,Tackles,,none,,,,,
2026-05-28,37:47.591,2H,B,Jake,Off Target,,none,,,,,
2026-05-28,37:49.578,2H,A,Lach2,Interceptions,,none,,,,,
2026-05-28,37:59.068,2H,B,Jake,Tackles,,none,,,,,
2026-05-28,38:01.317,2H,A,Xavier,Tackles,,none,,,,,
2026-05-28,38:03.975,2H,A,Lach2,Interceptions,,none,,,,,
2026-05-28,38:04.808,2H,B,Gio,Interceptions,,none,,,,,
2026-05-28,38:12.849,2H,B,James,Interceptions,,none,,,,,
2026-05-28,38:22.352,2H,B,Richard,On Target,,none,,,,,
2026-05-28,38:22.467,2H,B,Richard,Nutmegs,,none,,,,,
2026-05-28,38:22.467,2H,A,Lach2,Blocks,,none,,,,,
2026-05-28,38:24.698,2H,B,Richard,Interceptions,,none,,,,,
2026-05-28,38:32.352,2H,B,Gio,Interceptions,,none,,,,,
2026-05-28,38:37.866,2H,A,Lach2,Tackles,,none,,,,,
2026-05-28,38:42.380,2H,A,James2,Interceptions,,none,,,,,
2026-05-28,38:50.974,2H,A,James2,Interceptions,,none,,,,,
2026-05-28,39:01.731,2H,B,James,On Target,,none,,,,,
2026-05-28,39:01.731,2H,B,James,Goals,Gio,none,none,0.5590,0.2860,0.3930,0.8190
2026-05-28,39:22.525,2H,A,Lachlan,On Target,,none,,,,,
2026-05-28,39:22.525,2H,A,Lachlan,Goals,Lach2,none,none,0.8340,0.8870,0.5590,0.8850
2026-05-28,39:43.285,2H,A,Lach2,Tackles,,none,,,,,
2026-05-28,39:44.770,2H,A,Lach2,Off Target,,none,,,,,
2026-05-28,40:01.911,2H,A,Lach2,Goals,James2,none,highlight,0.8340,0.2110,0.7340,0.8680
2026-05-28,40:01.911,2H,A,Lach2,On Target,,none,,,,,
2026-05-28,40:25.633,2H,A,James2,Interceptions,,none,,,,,
2026-05-28,40:30.247,2H,A,Alberto,Interceptions,,none,,,,,
2026-05-28,40:34.010,2H,A,James2,Tackles,,none,,,,,
2026-05-28,40:42.415,2H,A,Alberto,Key Passes,,none,,,,,
2026-05-28,40:45.716,2H,A,Lachlan,Off Target,,none,,,,,
2026-05-28,40:47.386,2H,B,Ines,Interceptions,,none,,,,,
2026-05-28,39:32.386,2H,B,Ines,GK Removed,,,,,,,
2026-05-28,39:32.386,2H,B,Richard,GK On,,,,,,,
2026-05-28,41:10.564,2H,A,Xavier,Interceptions,,none,,,,,
2026-05-28,41:11.128,2H,B,Ines,Tackles,,none,,,,,
2026-05-28,41:14.476,2H,B,James,Key Passes,,none,,,,,
2026-05-28,41:20.836,2H,B,Gio,On Target,,none,,,,,
2026-05-28,41:20.984,2H,A,Alberto,GK Saves,,none,,,,,
2026-05-28,41:24.872,2H,A,James2,Interceptions,,none,,,,,
2026-05-28,41:28.291,2H,B,Jake,Tackles,,none,,,,,
2026-05-28,41:52.618,2H,B,Gio,Tackles,,none,,,,,
2026-05-28,41:55.793,2H,B,Gio,Key Passes,,none,,,,,
2026-05-28,41:58.234,2H,B,Jake,Off Target,,none,,,,,
2026-05-28,41:58.853,2H,A,Alberto,OG,,none,,,,,
2026-05-28,42:29.367,2H,B,Jake,Interceptions,,none,,,,,
2026-05-28,42:37.884,2H,B,Jake,Interceptions,,none,,,,,
2026-05-28,42:39.000,2H,B,Jake,On Target,,none,,,,,
2026-05-28,42:39.000,2H,B,Jake,Goals,,none,none,0.7520,0.7810,,
2026-05-28,42:48.113,2H,A,Alberto,GK Removed,,,,,,,
2026-05-28,42:48.113,2H,A,Xavier,GK On,,,,,,,
2026-05-28,43:05.645,2H,A,James2,On Target,,none,,,,,
2026-05-28,43:05.645,2H,A,James2,Goals,Lachlan,highlight,none,0.7300,0.1890,0.9730,0.0560
2026-05-28,43:35.681,2H,A,Alberto,Tackles,,none,,,,,
2026-05-28,43:43.154,2H,A,Lachlan,On Target,,none,,,,,
2026-05-28,43:43.154,2H,A,Lachlan,Goals,James2,none,none,0.8620,0.2990,0.3830,0.2930
2026-05-28,43:43.154,2H,A,Lachlan,Nutmegs,,none,,,,,
2026-05-28,43:59.394,2H,B,Ines,On Target,,none,,,,,
2026-05-28,44:24.253,2H,A,Lachlan,Key Passes,,none,,,,,
2026-05-28,44:25.300,2H,A,James2,Off Target,,none,,,,,
2026-05-28,44:31.654,2H,A,Lach2,Tackles,,none,,,,,
2026-05-28,44:35.430,2H,B,Gio,Interceptions,,none,,,,,
2026-05-28,44:36.317,2H,A,Lachlan,Off Target,,none,,,,,
2026-05-28,44:40.264,2H,B,Jake,Tackles,,none,,,,,
2026-05-28,44:54.608,2H,A,James2,Tackles,,none,,,,,
2026-05-28,44:59.392,2H,B,Jake,Key Passes,,none,,,,,
2026-05-28,45:00.580,2H,B,Gio,Off Target,,none,,,,,
2026-05-28,45:01.220,2H,A,Xavier,GK Saves,,none,,,,,
2026-05-28,45:07.191,2H,B,Jake,Key Passes,,none,,,,,
2026-05-28,45:08.085,2H,B,Gio,On Target,,none,,,,,
2026-05-28,45:08.263,2H,A,Lachlan,Blocks,,none,,,,,
2026-05-28,45:15.210,2H,A,Xavier,Key Passes,,none,,,,,
2026-05-28,45:17.307,2H,A,Lachlan,Off Target,,none,,,,,
2026-05-28,45:22.115,2H,B,Richard,Key Passes,,none,,,,,
2026-05-28,45:25.033,2H,B,Ines,On Target,,none,,,,,
2026-05-28,45:25.690,2H,A,Xavier,GK Saves,,none,,,,,
2026-05-28,45:43.639,2H,B,Gio,Interceptions,,none,,,,,
2026-05-28,45:46.585,2H,B,Gio,Key Passes,,none,,,,,
2026-05-28,45:47.995,2H,B,Jake,On Target,,none,,,,,
2026-05-28,45:48.211,2H,A,Xavier,GK Saves,,none,,,,,
2026-05-28,45:52.215,2H,B,Jake,On Target,,none,,,,,
2026-05-28,45:52.311,2H,A,Lach2,Blocks,,none,,,,,
2026-05-28,45:53.436,2H,B,Gio,On Target,,none,,,,,
2026-05-28,45:53.708,2H,A,Xavier,GK Saves,,none,,,,,
2026-05-28,46:07.806,2H,B,Richard,GK Removed,,,,,,,
2026-05-28,46:07.806,2H,B,Ines,GK On,,,,,,,
2026-05-28,46:11.303,2H,B,Richard,Interceptions,,none,,,,,
2026-05-28,46:13.809,2H,A,Lach2,Tackles,,none,,,,,
2026-05-28,46:16.412,2H,B,Richard,Tackles,,none,,,,,
2026-05-28,46:20.365,2H,A,Lach2,Key Passes,,none,,,,,
2026-05-28,46:22.462,2H,A,Lachlan,On Target,,none,,,,,
2026-05-28,46:22.462,2H,A,Lachlan,Goals,Alberto,highlight,highlight,0.7910,0.5050,0.8070,0.3410
2026-05-28,46:44.664,2H,A,Lachlan,Interceptions,,none,,,,,
2026-05-28,46:46.676,2H,B,Jake,Key Passes,,none,,,,,
2026-05-28,46:47.933,2H,B,Gio,On Target,,none,,,,,
2026-05-28,46:48.144,2H,A,James2,Blocks,,none,,,,,
2026-05-28,46:51.208,2H,A,Lachlan,Interceptions,,none,,,,,
2026-05-28,47:07.722,2H,A,Alberto,On Target,,none,,,,,
2026-05-28,47:07.722,2H,A,Alberto,Goals,Lach2,highlight,none,0.9230,0.8120,0.9280,0.1570
2026-05-28,47:44.161,2H,B,Gio,Key Passes,,none,,,,,
2026-05-28,47:44.982,2H,B,Jake,Off Target,,none,,,,,
2026-05-28,47:49.280,2H,A,Xavier,Key Passes,,none,,,,,
2026-05-28,47:51.621,2H,A,Alberto,Off Target,,none,,,,,
2026-05-28,48:01.807,2H,B,Gio,Key Passes,,none,,,,,
2026-05-28,48:03.113,2H,B,James,On Target,,none,,,,,
2026-05-28,48:03.498,2H,A,Xavier,GK Saves,,none,,,,,
2026-05-28,48:12.956,2H,B,Jake,On Target,,none,,,,,
2026-05-28,48:13.328,2H,A,Xavier,GK Saves,,none,,,,,
2026-05-28,48:18.704,2H,B,Jake,Interceptions,,none,,,,,
2026-05-28,48:20.226,2H,B,Jake,Off Target,,none,,,,,
2026-05-28,48:23.150,2H,B,Gio,On Target,,none,,,,,
2026-05-28,48:23.150,2H,B,Gio,Nutmegs,,none,,,,,
2026-05-28,48:23.150,2H,B,Gio,Goals,,highlight,none,0.9280,0.8030,,
2026-05-28,48:44.144,2H,A,Lachlan,Nutmegs,,none,,,,,
2026-05-28,48:49.681,2H,B,James,Nutmegs,,none,,,,,
2026-05-28,48:52.349,2H,A,James2,Key Passes,,none,,,,,
2026-05-28,48:54.562,2H,A,Alberto,Off Target,,none,,,,,
2026-05-28,49:11.674,2H,B,Richard,Tackles,,none,,,,,
2026-05-28,49:15.233,2H,B,Richard,Off Target,,none,,,,,
2026-05-28,49:15.462,2H,A,Lach2,Blocks,,none,,,,,
2026-05-28,49:27.477,2H,B,Jake,Interceptions,,none,,,,,
2026-05-28,49:39.190,2H,A,James2,Key Passes,,none,,,,,
2026-05-28,49:40.506,2H,A,Lachlan,Off Target,,none,,,,,
2026-05-28,49:53.930,2H,B,Richard,Key Passes,,none,,,,,
2026-05-28,49:55.669,2H,B,James,Off Target,,none,,,,,
2026-05-28,50:20.770,2H,B,Jake,On Target,,none,,,,,
2026-05-28,50:20.770,2H,B,Jake,Nutmegs,,none,,,,,
2026-05-28,50:20.770,2H,B,Jake,Goals,Richard,none,none,0.7680,0.6670,0.8710,0.8110
2026-05-28,50:45.541,2H,A,Lachlan,On Target,,none,,,,,
2026-05-28,50:45.541,2H,A,Lachlan,Goals,James2,none,none,0.8460,0.2240,0.6750,0.8330
2026-05-28,51:04.478,2H,B,Richard,On Target,,none,,,,,
2026-05-28,51:04.770,2H,A,Lachlan,Blocks,,none,,,,,
2026-05-28,51:06.446,2H,B,Jake,Off Target,,none,,,,,
2026-05-28,51:06.567,2H,A,Lachlan,Blocks,,none,,,,,
2026-05-28,51:09.938,2H,B,Jake,On Target,,none,,,,,
2026-05-28,51:10.190,2H,A,Lachlan,Blocks,,none,,,,,
2026-05-28,51:16.743,2H,B,Richard,Interceptions,,none,,,,,
2026-06-04,00:00.0,1H,A,James,GK On,,,,,,,
2026-06-04,00:00.0,1H,B,Vijit,GK On,,,,,,,
2026-06-04,00:11.9,1H,A,Richard,Interceptions,,none,,,,,
2026-06-04,00:19.5,1H,A,Andres,On Target,,none,,,,,
2026-06-04,00:19.7,1H,B,Lachlan,Blocks,,none,,,,,
2026-06-04,00:29.5,1H,B,Lachlan,Key Passes,,none,,,,,
2026-06-04,00:32.4,1H,B,Alberto,Off Target,,none,,,,,
2026-06-04,00:46.6,1H,B,Lachlan,Interceptions,,none,,,,,
2026-06-04,00:50.7,1H,A,Gio,Interceptions,,none,,,,,
2026-06-04,00:54.4,1H,B,Lachlan,Interceptions,,none,,,,,
2026-06-04,01:07.8,1H,A,Richard,Interceptions,,none,,,,,
2026-06-04,01:16.0,1H,A,Richard,Interceptions,,none,,,,,
2026-06-04,01:24.4,1H,A,Gio,Key Passes,,none,,,,,
2026-06-04,01:25.8,1H,A,Austin,On Target,,none,,,,,
2026-06-04,01:26.2,1H,B,Jake,Blocks,,none,,,,,
2026-06-04,01:27.3,1H,A,Andres,On Target,,none,,,,,
2026-06-04,01:27.4,1H,B,Jake,Blocks,,none,,,,,
2026-06-04,02:03.4,1H,A,Andres,Tackles,,none,,,,,
2026-06-04,02:12.5,1H,A,Richard,Interceptions,,none,,,,,
2026-06-04,02:21.2,1H,B,Jake,On Target,,none,,,,,
2026-06-04,02:21.3,1H,A,Richard,Blocks,,none,,,,,
2026-06-04,02:24.8,1H,B,Lachlan,On Target,,none,,,,,
2026-06-04,02:24.8,1H,B,Lachlan,Goals,Jake,highlight,,,,,
2026-06-04,02:53.7,1H,A,Richard,Interceptions,,none,,,,,
2026-06-04,02:56.6,1H,A,Austin,Nutmegs,,none,,,,,
2026-06-04,02:58.1,1H,B,Alberto,Interceptions,,none,,,,,
2026-06-04,03:00.4,1H,A,Andres,Tackles,,none,,,,,
2026-06-04,03:02.2,1H,B,Jake,Tackles,,none,,,,,
2026-06-04,03:27.8,1H,A,Austin,Interceptions,,none,,,,,
2026-06-04,03:30.2,1H,B,Lachlan,Interceptions,,none,,,,,
2026-06-04,03:34.8,1H,A,Gio,Interceptions,,none,,,,,
2026-06-04,03:39.0,1H,B,Jake,Key Passes,,none,,,,,
2026-06-04,03:40.9,1H,B,Lach2,Off Target,,none,,,,,
2026-06-04,03:57.5,1H,A,Richard,Interceptions,,none,,,,,
2026-06-04,04:01.5,1H,A,Gio,On Target,,none,,,,,
2026-06-04,04:01.5,1H,A,Gio,Goals,Richard,none,,,,,
2026-06-04,04:20.8,1H,B,Lach2,Key Passes,,none,,,,,
2026-06-04,04:22.7,1H,B,Alberto,On Target,,none,highlight,0.8710,0.7300,0.9620,0.0970
2026-06-04,04:22.9,1H,A,James,GK Saves,,none,,,,,
2026-06-04,04:34.8,1H,A,Austin,Key Passes,,none,,,,,
2026-06-04,04:36.8,1H,A,Andres,On Target,,none,,,,,
2026-06-04,04:37.0,1H,B,Vijit,GK Saves,,none,,,,,
2026-06-04,04:47.7,1H,A,Austin,Interceptions,,none,,,,,
2026-06-04,04:50.6,1H,A,Austin,On Target,,none,,,,,
2026-06-04,04:51.0,1H,B,Lachlan,Blocks,,none,,,,,
2026-06-04,04:55.4,1H,A,Gio,Interceptions,,none,,,,,
2026-06-04,05:05.2,1H,B,Alberto,On Target,,none,,,,,
2026-06-04,05:05.2,1H,B,Alberto,Goals,,none,,,,,
2026-06-04,05:23.8,1H,A,James,GK Removed,,,,,,,
2026-06-04,05:23.8,1H,A,Richard,GK On,,,,,,,
2026-06-04,05:29.5,1H,B,Lachlan,Interceptions,,none,none,0.8910,0.1730,0.6590,0.7680
2026-06-04,05:41.7,1H,A,Andres,Interceptions,,none,,,,,
2026-06-04,05:45.1,1H,B,Jake,Tackles,,none,,,,,
2026-06-04,06:12.2,1H,A,James,Key Passes,,none,,,,,
2026-06-04,06:13.5,1H,A,Austin,On Target,,none,,,,,
2026-06-04,06:14.1,1H,B,Vijit,GK Saves,,none,,,,,
2026-06-04,06:17.8,1H,A,Gio,On Target,,none,,,,,
2026-06-04,06:17.8,1H,A,Gio,Goals,,none,,,,,
2026-06-04,06:25.6,1H,B,Vijit,GK Removed,,,,,,,
2026-06-04,06:25.6,1H,B,Alberto,GK On,,,,,,,
2026-06-04,06:37.2,1H,B,Jake,On Target,,none,,,,,
2026-06-04,06:37.2,1H,B,Jake,Goals,Lach2,none,,,,,
2026-06-04,07:17.1,1H,B,Lach2,Interceptions,,none,none,0.8530,0.2300,,
2026-06-04,07:18.4,1H,A,Austin,Nutmegs,,none,,,,,
2026-06-04,07:22.1,1H,B,Lachlan,Tackles,,none,,,,,
2026-06-04,07:22.1,1H,B,Lachlan,Nutmegs,,none,,,,,
2026-06-04,07:31.9,1H,B,Lach2,Key Passes,,none,,,,,
2026-06-04,07:33.6,1H,B,Lachlan,Off Target,,none,,,,,
2026-06-04,07:39.4,1H,A,Austin,Key Passes,,none,,,,,
2026-06-04,07:42.6,1H,A,James,On Target,,none,,,,,
2026-06-04,07:42.7,1H,B,Lach2,Blocks,,none,,,,,
2026-06-04,08:00.3,1H,B,Jake,Tackles,,none,,,,,
2026-06-04,08:04.1,1H,A,Andres,Key Passes,,none,none,0.7820,0.5070,,
2026-06-04,08:05.5,1H,A,James,On Target,,none,,,,,
2026-06-04,08:06.0,1H,B,Alberto,GK Saves,,none,,,,,
2026-06-04,08:09.0,1H,A,Gio,Off Target,,none,,,,,
2026-06-04,08:20.6,1H,A,Gio,Interceptions,,none,highlight,0.8050,0.6860,0.7910,0.1280
2026-06-04,08:24.0,1H,B,Lach2,Tackles,,none,,,,,
2026-06-04,08:25.8,1H,B,Vijit,Interceptions,,none,,,,,
2026-06-04,09:00.8,1H,A,Gio,Nutmegs,,none,,,,,
2026-06-04,09:00.7,1H,A,Gio,Key Passes,,none,,,,,
2026-06-04,09:02.4,1H,A,James,Off Target,,none,,,,,
2026-06-04,09:12.1,1H,B,Lachlan,Tackles,,none,,,,,
2026-06-04,09:13.5,1H,B,Lachlan,On Target,,none,,,,,
2026-06-04,09:13.5,1H,B,Lachlan,Goals,,highlight,,,,,
2026-06-04,09:28.9,1H,B,Lach2,Interceptions,,none,,,,,
2026-06-04,09:31.5,1H,B,Jake,Tackles,,none,,,,,
2026-06-04,09:37.3,1H,A,Gio,Interceptions,,none,,,,,
2026-06-04,09:39.4,1H,B,Lach2,Interceptions,,none,,,,,
2026-06-04,09:42.4,1H,A,Gio,On Target,,none,,,,,
2026-06-04,09:42.5,1H,B,Lachlan,Blocks,,none,,,,,
2026-06-04,09:44.6,1H,B,Jake,Interceptions,,none,,,,,
2026-06-04,09:51.3,1H,A,Austin,Tackles,,none,,,,,
2026-06-04,09:55.0,1H,A,James,Key Passes,,none,,,,,
2026-06-04,09:56.1,1H,A,Gio,On Target,,none,,,,,
2026-06-04,09:56.4,1H,B,Alberto,GK Saves,,none,,,,,
2026-06-04,10:01.2,1H,A,Austin,Nutmegs,,none,,,,,
2026-06-04,10:02.4,1H,B,Jake,Interceptions,,none,,,,,
2026-06-04,10:04.1,1H,B,Jake,Off Target,,none,,,,,
2026-06-04,10:13.6,1H,A,James,Interceptions,,none,none,0.7730,0.8000,,
2026-06-04,10:21.7,1H,A,Andres,Tackles,,none,,,,,
2026-06-04,10:28.5,1H,A,Gio,Interceptions,,none,,,,,
2026-06-04,10:35.3,1H,A,Austin,Nutmegs,,none,,,,,
2026-06-04,10:46.4,1H,A,Austin,Interceptions,,none,,,,,
2026-06-04,11:00.1,1H,A,Andres,Tackles,,none,,,,,
2026-06-04,11:04.7,1H,A,Austin,Interceptions,,none,,,,,
2026-06-04,11:20.4,1H,B,Lachlan,Key Passes,,none,,,,,
2026-06-04,11:22.1,1H,B,Jake,Off Target,,none,,,,,
2026-06-04,11:22.6,1H,A,Richard,GK Saves,,none,,,,,
2026-06-04,11:40.0,1H,B,Lach2,Interceptions,,none,,,,,
2026-06-04,11:41.7,1H,A,Austin,Key Passes,,none,,,,,
2026-06-04,11:44.2,1H,A,James,On Target,,none,,,,,
2026-06-04,11:44.5,1H,B,Alberto,GK Saves,,none,,,,,
2026-06-04,11:45.7,1H,A,Gio,Off Target,,none,,,,,
2026-06-04,11:46.0,1H,B,Alberto,GK Saves,,none,,,,,
2026-06-04,11:58.9,1H,B,Lach2,Interceptions,,none,,,,,
2026-06-04,12:02.4,1H,B,Lach2,Off Target,,none,,,,,
2026-06-04,12:14.2,1H,B,Vijit,Interceptions,,none,,,,,
2026-06-04,12:30.2,1H,B,Jake,Tackles,,none,,,,,
2026-06-04,12:34.1,1H,B,Lach2,Key Passes,,none,,,,,
2026-06-04,12:35.8,1H,B,Vijit,Off Target,,none,,,,,
2026-06-04,12:37.3,1H,B,Lach2,On Target,,none,,,,,
2026-06-04,12:37.5,1H,A,Richard,GK Saves,,none,,,,,
2026-06-04,12:47.7,1H,B,Jake,Tackles,,none,,,,,
2026-06-04,12:51.7,1H,A,Austin,Tackles,,none,,,,,
2026-06-04,12:56.0,1H,A,Andres,On Target,,none,,,,,
2026-06-04,12:56.0,1H,A,Andres,Nutmegs,,none,,,,,
2026-06-04,12:56.0,1H,A,Andres,Goals,,none,,,,,
2026-06-04,13:13.7,1H,B,Lach2,Key Passes,,none,,,,,
2026-06-04,13:16.5,1H,B,Jake,Off Target,,none,,,,,
2026-06-04,13:18.4,1H,B,Vijit,Off Target,,none,,,,,
2026-06-04,13:18.4,1H,B,Vijit,Post,,none,,,,,
2026-06-04,13:04.7,1H,B,Alberto,GK Removed,,,,,,,
2026-06-04,13:04.7,1H,B,Lachlan,GK On,,,,,,,
2026-06-04,13:24.1,1H,B,Alberto,Interceptions,,none,,,,,
2026-06-04,13:31.0,1H,B,Alberto,Interceptions,,none,,,,,
2026-06-04,13:35.4,1H,B,Alberto,Interceptions,,none,,,,,
2026-06-04,13:37.4,1H,A,Austin,On Target,,none,,,,,
2026-06-04,13:37.4,1H,A,Austin,Goals,,none,,,,,
2026-06-04,14:06.3,1H,A,Austin,Tackles,,none,,,,,
2026-06-04,14:09.3,1H,A,Andres,Tackles,,none,,,,,
2026-06-04,14:12.3,1H,B,Lach2,Interceptions,,none,,,,,
2026-06-04,14:16.4,1H,B,Lach2,Off Target,,none,none,0.7960,0.5900,,
2026-06-04,14:17.5,1H,B,Lach2,Key Passes,,none,,,,,
2026-06-04,14:18.2,1H,B,Alberto,Off Target,,none,,,,,
2026-06-04,14:21.9,1H,B,Lach2,On Target,,none,,,,,
2026-06-04,14:22.3,1H,A,Richard,GK Saves,,none,,,,,
2026-06-04,14:25.9,1H,A,Andres,Interceptions,,none,,,,,
2026-06-04,14:30.0,1H,B,Vijit,Interceptions,,none,,,,,
2026-06-04,14:36.0,1H,B,Vijit,Interceptions,,none,,,,,
2026-06-04,14:38.3,1H,A,Austin,Interceptions,,none,,,,,
2026-06-04,14:42.7,1H,B,Lach2,Key Passes,,none,,,,,
2026-06-04,14:44.0,1H,B,Jake,On Target,,none,,,,,
2026-06-04,14:44.4,1H,A,Richard,GK Saves,,highlight,none,0.6320,0.2790,,
2026-06-04,14:52.8,1H,B,Lach2,Tackles,,none,,,,,
2026-06-04,14:56.5,1H,A,Austin,Tackles,,none,,,,,
2026-06-04,15:01.5,1H,A,Gio,Key Passes,,none,,,,,
2026-06-04,15:03.6,1H,A,James,Off Target,,none,,,,,
2026-06-04,15:17.1,1H,B,Jake,On Target,,none,,,,,
2026-06-04,15:17.1,1H,B,Jake,Goals,Alberto,highlight,,,,,
2026-06-04,15:37.5,1H,A,Austin,Key Passes,,none,,,,,
2026-06-04,15:39.1,1H,A,James,Off Target,,none,,,,,
2026-06-04,15:55.1,1H,B,Jake,Tackles,,none,,,,,
2026-06-04,16:12.4,1H,A,Gio,On Target,,none,,,,,
2026-06-04,16:12.4,1H,A,Gio,Goals,Andres,none,,,,,
2026-06-04,16:32.3,1H,B,Jake,Off Target,,none,,,,,
2026-06-04,16:35.8,1H,B,Lach2,Interceptions,,none,,,,,
2026-06-04,16:38.2,1H,B,Vijit,Interceptions,,none,,,,,
2026-06-04,16:45.2,1H,B,Alberto,Interceptions,,none,,,,,
2026-06-04,16:48.1,1H,A,Andres,Tackles,,none,,,,,
2026-06-04,16:55.5,1H,B,Jake,Tackles,,none,,,,,
2026-06-04,17:00.7,1H,A,Austin,Interceptions,,none,,,,,
2026-06-04,17:00.8,1H,A,Austin,On Target,,none,,,,,
2026-06-04,17:00.9,1H,B,Vijit,Blocks,,none,,,,,
2026-06-04,17:06.2,1H,A,Gio,Interceptions,,none,highlight,0.8030,0.5900,0.8410,0.2240
2026-06-04,17:36.7,1H,A,Andres,Tackles,,none,,,,,
2026-06-04,17:42.4,1H,A,Andres,Tackles,,none,,,,,
2026-06-04,17:58.8,1H,B,Lach2,On Target,,none,,,,,
2026-06-04,17:59.4,1H,A,Richard,GK Saves,,none,,,,,
2026-06-04,18:17.1,1H,A,Andres,Nutmegs,,none,none,0.8250,0.3220,0.5880,0.6240
2026-06-04,18:19.6,1H,B,Vijit,Interceptions,,none,,,,,
2026-06-04,18:24.6,1H,A,Austin,Interceptions,,none,,,,,
2026-06-04,18:27.6,1H,B,Alberto,Tackles,,none,,,,,
2026-06-04,18:34.4,1H,A,Andres,Key Passes,,none,,,,,
2026-06-04,18:36.9,1H,A,James,Off Target,,none,,,,,
2026-06-04,18:36.9,1H,A,James,Post,,none,,,,,
2026-06-04,18:41.2,1H,B,Lachlan,GK Removed,,,,,,,
2026-06-04,18:41.2,1H,B,Jake,GK On,,,,,,,
2026-06-04,19:10.4,1H,A,Andres,Tackles,,none,,,,,
2026-06-04,19:12.4,1H,B,Vijit,On Target,,none,,,,,
2026-06-04,19:13.1,1H,A,Richard,GK Saves,,none,,,,,
2026-06-04,19:24.5,1H,A,Andres,Key Passes,,none,,,,,
2026-06-04,19:27.9,1H,A,James,On Target,,none,,,,,
2026-06-04,19:28.1,1H,B,Jake,GK Saves,,none,,,,,
2026-06-04,19:29.4,1H,A,James,Key Passes,,none,,,,,
2026-06-04,19:30.3,1H,A,Gio,On Target,,none,,,,,
2026-06-04,19:30.7,1H,B,Jake,GK Saves,,none,,,,,
2026-06-04,19:38.8,1H,B,Alberto,Key Passes,,none,,,,,
2026-06-04,19:41.9,1H,B,Lach2,Off Target,,none,,,,,
2026-06-04,19:52.6,1H,A,Gio,Tackles,,none,,,,,
2026-06-04,19:55.0,1H,B,Lachlan,Interceptions,,none,,,,,
2026-06-04,20:01.9,1H,B,Lachlan,Interceptions,,none,,,,,
2026-06-04,20:15.4,1H,A,Austin,Interceptions,,none,,,,,
2026-06-04,20:18.6,1H,A,Andres,On Target,,none,,,,,
2026-06-04,20:19.0,1H,B,Jake,GK Saves,,none,,,,,
2026-06-04,20:40.4,1H,A,Gio,Interceptions,,none,,,,,
2026-06-04,20:43.7,1H,B,Vijit,Interceptions,,none,,,,,
2026-06-04,20:52.8,1H,B,Lachlan,Interceptions,,none,,,,,
2026-06-04,21:09.7,1H,A,Andres,Interceptions,,none,,,,,
2026-06-04,21:10.6,1H,B,Vijit,Tackles,,none,,,,,
2026-06-04,21:13.2,1H,A,Austin,Key Passes,,none,,,,,
2026-06-04,21:14.7,1H,A,Gio,On Target,,none,,,,,
2026-06-04,21:14.8,1H,B,Alberto,Blocks,,none,,,,,
2026-06-04,21:00.9,1H,A,Richard,GK Removed,,,,,,,
2026-06-04,21:00.9,1H,A,James,GK On,,,,,,,
2026-06-04,21:28.3,1H,A,Richard,Interceptions,,none,,,,,
2026-06-04,21:29.6,1H,B,Alberto,Tackles,,none,,,,,
2026-06-04,21:32.2,1H,B,Lachlan,On Target,,none,,,,,
2026-06-04,21:32.2,1H,B,Lachlan,Goals,Vijit,none,,,,,
2026-06-04,21:43.8,2H,B,Jake,GK Removed,,,,,,,
2026-06-04,21:43.8,2H,B,Alberto,GK On,,,,,,,
2026-06-04,21:48.2,2H,A,James,GK Removed,,,,,,,
2026-06-04,21:48.2,2H,A,Gio,GK On,,,,,,,
2026-06-04,21:54.5,2H,B,Lachlan,Interceptions,,none,,,,,
2026-06-04,21:56.9,2H,A,Andres,Interceptions,,none,,,,,
2026-06-04,22:00.7,2H,B,Vijit,Interceptions,,none,,,,,
2026-06-04,22:03.4,2H,A,Richard,Interceptions,,none,,,,,
2026-06-04,22:14.0,2H,A,Austin,Nutmegs,,none,,,,,
2026-06-04,22:13.9,2H,A,Austin,Key Passes,,none,,,,,
2026-06-04,22:18.6,2H,A,Richard,Off Target,,none,,,,,
2026-06-04,22:21.0,2H,A,James,Key Passes,,none,,,,,
2026-06-04,22:22.0,2H,A,Andres,Off Target,,none,,,,,
2026-06-04,22:35.3,2H,B,Jake,Tackles,,none,none,0.7140,0.7830,0.7680,0.4960
2026-06-04,22:50.9,2H,A,James,Tackles,,none,,,,,
2026-06-04,22:54.9,2H,A,Austin,Key Passes,,none,,,,,
2026-06-04,23:01.4,2H,A,Andres,Interceptions,,none,,,,,
2026-06-04,23:19.3,2H,A,Austin,Key Passes,,none,,,,,
2026-06-04,23:20.7,2H,A,Andres,Off Target,,none,,,,,
2026-06-04,23:21.7,2H,B,Alberto,Interceptions,,none,,,,,
2026-06-04,23:29.4,2H,A,Andres,Interceptions,,none,,,,,
2026-06-04,23:30.0,2H,A,Andres,Key Passes,,none,,,,,
2026-06-04,23:31.1,2H,A,James,On Target,,none,,,,,
2026-06-04,23:31.6,2H,B,Alberto,GK Saves,,none,,,,,
2026-06-04,23:33.2,2H,A,Andres,Off Target,,none,,,,,
2026-06-04,23:35.6,2H,B,Vijit,Interceptions,,none,,,,,
2026-06-04,23:40.7,2H,A,Austin,Tackles,,none,,,,,
2026-06-04,23:43.1,2H,B,Jake,Key Passes,,none,,,,,
2026-06-04,23:45.1,2H,B,Lachlan,On Target,,none,,,,,
2026-06-04,23:45.2,2H,A,Gio,GK Saves,,none,,,,,
2026-06-04,23:46.7,2H,A,Andres,Interceptions,,none,,,,,
2026-06-04,23:49.0,2H,B,Lach2,Interceptions,,none,,,,,
2026-06-04,23:56.3,2H,B,Lachlan,Key Passes,,none,,,,,
2026-06-04,23:58.5,2H,B,Lach2,On Target,,none,,,,,
2026-06-04,23:58.5,2H,A,Andres,Blocks,,none,,,,,
2026-06-04,24:10.0,2H,B,Alberto,Interceptions,,none,,,,,
2026-06-04,24:32.5,2H,B,Lach2,Interceptions,,none,,,,,
2026-06-04,24:43.5,2H,A,Richard,Interceptions,,none,,,,,
2026-06-04,24:47.2,2H,B,Vijit,Interceptions,,none,,,,,
2026-06-04,24:48.5,2H,A,Andres,Off Target,,none,,,,,
2026-06-04,24:51.4,2H,A,James,Nutmegs,,none,,,,,
2026-06-04,24:51.4,2H,A,James,Key Passes,,none,,,,,
2026-06-04,24:53.3,2H,A,Austin,On Target,,none,,,,,
2026-06-04,24:53.4,2H,B,Jake,Blocks,,none,,,,,
2026-06-04,25:19.7,2H,A,Austin,Off Target,,none,,,,,
2026-06-04,25:19.8,2H,B,Alberto,GK Saves,,none,,,,,
2026-06-04,25:23.4,2H,B,Vijit,Key Passes,,none,,,,,
2026-06-04,25:27.0,2H,B,Lachlan,On Target,,none,,,,,
2026-06-04,25:27.8,2H,A,Gio,GK Saves,,none,,,,,
2026-06-04,25:29.1,2H,A,Richard,Interceptions,,none,,,,,
2026-06-04,25:35.7,2H,B,Lachlan,Interceptions,,none,,,,,
2026-06-04,25:38.4,2H,A,James,Key Passes,,none,,,,,
2026-06-04,25:39.1,2H,A,Andres,On Target,,none,,,,,
2026-06-04,25:39.6,2H,B,Alberto,GK Saves,,none,,,,,
2026-06-04,25:44.2,2H,A,Richard,Tackles,,none,,,,,
2026-06-04,26:15.1,2H,A,Andres,On Target,,none,,,,,
2026-06-04,26:15.2,2H,B,Alberto,GK Saves,,none,,,,,
2026-06-04,26:24.0,2H,B,Vijit,Nutmegs,,none,,,,,
2026-06-04,26:25.6,2H,A,Andres,Interceptions,,none,,,,,
2026-06-04,26:30.2,2H,B,Vijit,Tackles,,none,,,,,
2026-06-04,26:50.4,2H,A,Andres,Interceptions,,none,,,,,
2026-06-04,26:53.0,2H,B,Lach2,Interceptions,,none,,,,,
2026-06-04,26:54.2,2H,A,Andres,Key Passes,,none,,,,,
2026-06-04,26:55.7,2H,A,James,On Target,,none,,,,,
2026-06-04,26:56.0,2H,B,Alberto,GK Saves,,none,,,,,
2026-06-04,27:06.7,2H,A,Richard,Interceptions,,none,,,,,
2026-06-04,27:12.0,2H,A,James,On Target,,none,,,,,
2026-06-04,27:12.0,2H,A,James,Goals,Richard,highlight,,,,,
2026-06-04,27:21.7,2H,B,Alberto,GK Removed,,,,,,,
2026-06-04,27:21.7,2H,B,Vijit,GK On,,,,,,,
2026-06-04,27:26.1,2H,A,Gio,GK Removed,,,,,,,
2026-06-04,27:26.1,2H,A,James,GK On,,,,,,,
2026-06-04,27:50.6,2H,B,Lach2,Interceptions,,none,,,,,
2026-06-04,27:52.5,2H,A,Gio,Interceptions,,none,,,,,
2026-06-04,28:06.1,2H,A,Richard,Interceptions,,none,,,,,
2026-06-04,28:12.1,2H,B,Alberto,Interceptions,,none,,,,,
2026-06-04,28:14.6,2H,B,Jake,Key Passes,,none,,,,,
2026-06-04,28:17.1,2H,B,Lach2,On Target,,none,,,,,
2026-06-04,28:17.2,2H,A,Gio,Blocks,,none,,,,,
2026-06-04,28:26.2,2H,A,Austin,Key Passes,,none,,,,,
2026-06-04,28:27.6,2H,A,Andres,Off Target,,none,,,,,
2026-06-04,28:40.1,2H,A,Andres,Interceptions,,none,,,,,
2026-06-04,28:51.7,2H,A,Gio,Key Passes,,none,none,0.7910,0.1030,0.2990,0.3380
2026-06-04,28:53.0,2H,A,Andres,On Target,,none,,,,,
2026-06-04,28:53.2,2H,B,Vijit,GK Saves,,none,,,,,
2026-06-04,29:00.8,2H,A,Richard,Interceptions,,none,,,,,
2026-06-04,29:03.6,2H,A,Richard,On Target,,none,,,,,
2026-06-04,29:03.7,2H,B,Lachlan,Blocks,,none,,,,,
2026-06-04,29:07.4,2H,A,Austin,Interceptions,,none,,,,,
2026-06-04,29:17.8,2H,B,Lach2,Key Passes,,none,,,,,
2026-06-04,29:20.5,2H,B,Jake,Off Target,,none,,,,,
2026-06-04,29:33.8,2H,A,Gio,Key Passes,,none,,,,,
2026-06-04,29:35.6,2H,A,Austin,Nutmegs,,none,,,,,
2026-06-04,29:35.6,2H,A,Austin,On Target,,none,,,,,
2026-06-04,29:36.1,2H,B,Vijit,GK Saves,,none,,,,,
2026-06-04,29:37.3,2H,A,Andres,On Target,,none,,,,,
2026-06-04,29:37.5,2H,B,Vijit,GK Saves,,none,,,,,
2026-06-04,29:57.3,2H,B,Lachlan,Interceptions,,none,,,,,
2026-06-04,30:04.6,2H,B,Jake,Interceptions,,none,,,,,
2026-06-04,30:07.9,2H,B,Lach2,On Target,,none,,,,,
2026-06-04,30:08.2,2H,A,Gio,Blocks,,none,,,,,
2026-06-04,30:13.0,2H,A,Austin,Interceptions,,none,,,,,
2026-06-04,30:09.9,2H,B,Lach2,Tackles,,none,,,,,
2026-06-04,30:15.6,2H,B,Lachlan,Interceptions,,none,,,,,
2026-06-04,30:19.1,2H,A,Andres,Interceptions,,none,,,,,
2026-06-04,30:23.0,2H,B,Alberto,Interceptions,,none,,,,,
2026-06-04,30:25.7,2H,B,Lach2,Key Passes,,none,,,,,
2026-06-04,30:27.0,2H,B,Jake,On Target,,none,,,,,
2026-06-04,30:27.2,2H,A,James,GK Saves,,none,,,,,
2026-06-04,30:28.7,2H,B,Alberto,On Target,,none,,,,,
2026-06-04,30:28.7,2H,B,Alberto,Goals,,highlight,,,,,
2026-06-04,30:39.7,2H,A,James,GK Removed,,,,,,,
2026-06-04,30:39.7,2H,A,Andres,GK On,,,,,,,
2026-06-04,30:57.0,2H,A,Austin,Off Target,,none,,,,,
2026-06-04,30:57.7,2H,B,Vijit,GK Saves,,none,,,,,
2026-06-04,31:00.3,2H,A,James,On Target,,none,,,,,
2026-06-04,31:00.5,2H,B,Alberto,Blocks,,none,,,,,
2026-06-04,31:06.8,2H,A,Richard,Interceptions,,none,,,,,
2026-06-04,31:10.6,2H,B,Alberto,Interceptions,,none,,,,,
2026-06-04,31:11.0,2H,B,Alberto,Tackles,,none,,,,,
2026-06-04,31:19.5,2H,B,Alberto,Interceptions,,none,,,,,
2026-06-04,31:22.1,2H,A,Austin,Interceptions,,none,,,,,
2026-06-04,31:23.2,2H,B,Lachlan,Tackles,,none,,,,,
2026-06-04,31:34.1,2H,B,Alberto,Tackles,,none,,,,,
2026-06-04,31:35.9,2H,A,Gio,Key Passes,,none,,,,,
2026-06-04,31:35.9,2H,A,Gio,Nutmegs,,none,none,0.9210,0.2130,,
2026-06-04,31:37.2,2H,A,James,On Target,,none,,,,,
2026-06-04,31:37.4,2H,B,Vijit,GK Saves,,none,,,,,
2026-06-04,31:42.0,2H,A,James,On Target,,none,,,,,
2026-06-04,31:42.3,2H,B,Vijit,GK Saves,,none,,,,,
2026-06-04,31:54.1,2H,B,Jake,Key Passes,,none,,,,,
2026-06-04,31:54.6,2H,B,Lach2,On Target,,none,,,,,
2026-06-04,31:55.2,2H,A,Andres,GK Saves,,none,,,,,
2026-06-04,32:04.7,2H,A,Austin,Tackles,,none,,,,,
2026-06-04,32:07.1,2H,A,Austin,Nutmegs,,none,,,,,
2026-06-04,32:36.7,2H,B,Lachlan,Interceptions,,none,,,,,
2026-06-04,32:38.9,2H,A,Austin,Tackles,,none,,,,,
2026-06-04,32:42.1,2H,B,Alberto,Key Passes,,none,,,,,
2026-06-04,32:44.6,2H,B,Jake,Off Target,,none,,,,,
2026-06-04,32:56.5,2H,B,Lach2,Off Target,,none,,,,,
2026-06-04,32:57.1,2H,A,Andres,GK Saves,,none,,,,,
2026-06-04,32:58.8,2H,B,Lachlan,Off Target,,none,,,,,
2026-06-04,33:06.2,2H,B,Lachlan,On Target,,none,,,,,
2026-06-04,33:06.2,2H,B,Lachlan,Nutmegs,,none,,,,,
2026-06-04,33:06.2,2H,B,Lachlan,Nutmegs,,none,,,,,
2026-06-04,33:06.3,2H,A,Andres,GK Saves,,none,,,,,
2026-06-04,33:08.7,2H,A,Richard,Interceptions,,none,,,,,
2026-06-04,33:14.9,2H,B,Lach2,Interceptions,,none,,,,,
2026-06-04,33:17.1,2H,B,Lach2,Interceptions,,none,,,,,
2026-06-04,33:29.9,2H,B,Alberto,Tackles,,none,,,,,
2026-06-04,33:30.0,2H,A,Gio,Tackles,,none,,,,,
2026-06-04,33:32.4,2H,A,Gio,Off Target,,none,,,,,
2026-06-04,33:32.8,2H,B,Vijit,GK Saves,,none,,,,,
2026-06-04,33:37.8,2H,A,Gio,Key Passes,,none,,,,,
2026-06-04,33:38.4,2H,A,Austin,Off Target,,none,,,,,
2026-06-04,33:40.6,2H,B,Vijit,Key Passes,,none,,,,,
2026-06-04,33:43.6,2H,B,Jake,On Target,,none,,,,,
2026-06-04,33:43.7,2H,A,Richard,Blocks,,none,,,,,
2026-06-04,33:47.0,2H,A,Austin,Key Passes,,none,,,,,
2026-06-04,33:48.5,2H,A,James,On Target,,none,,,,,
2026-06-04,33:48.6,2H,B,Vijit,GK Saves,,none,,,,,
2026-06-04,33:49.6,2H,A,Austin,On Target,,none,,,,,
2026-06-04,33:49.8,2H,B,Alberto,Blocks,,none,,,,,
2026-06-04,34:01.6,2H,A,James,Interceptions,,none,,,,,
2026-06-04,34:05.5,2H,B,Alberto,Interceptions,,none,,,,,
2026-06-04,34:08.6,2H,B,Lach2,On Target,,none,,,,,
2026-06-04,34:09.0,2H,A,Andres,GK Saves,,none,,,,,
2026-06-04,34:13.2,2H,A,James,On Target,,none,,,,,
2026-06-04,34:13.2,2H,A,James,Goals,,highlight,,,,,
2026-06-04,34:33.8,2H,B,Lach2,Interceptions,,none,,,,,
2026-06-04,35:04.6,2H,A,Gio,On Target,,none,,,,,
2026-06-04,35:04.6,2H,A,Gio,Goals,James,highlight,,,,,
2026-06-04,35:28.4,2H,A,Richard,Interceptions,,none,,,,,
2026-06-04,35:31.9,2H,B,Lach2,Interceptions,,none,,,,,
2026-06-04,35:38.6,2H,A,Richard,Interceptions,,none,,,,,
2026-06-04,35:41.3,2H,A,Richard,On Target,,none,,,,,
2026-06-04,35:41.3,2H,A,Richard,Goals,,none,,,,,
2026-06-04,36:05.3,2H,A,James,Interceptions,,none,,,,,
2026-06-04,36:11.3,2H,A,Gio,Interceptions,,none,,,,,
2026-06-04,36:12.5,2H,A,Gio,Key Passes,,none,,,,,
2026-06-04,36:14.9,2H,A,James,On Target,,none,,,,,
2026-06-04,36:15.2,2H,A,Andres,GK Saves,,none,,,,,
2026-06-04,36:16.1,2H,B,Lachlan,Interceptions,,none,,,,,
2026-06-04,36:16.6,2H,A,James,On Target,,none,none,0.5500,0.4980,,
2026-06-04,36:16.6,2H,B,Lachlan,Blocks,,none,,,,,
2026-06-04,35:44.6,2H,B,Vijit,GK Removed,,,,,,,
2026-06-04,35:44.6,2H,B,Alberto,GK On,,,highlight,0.7930,0.0860,0.9550,0.8690
2026-06-04,36:34.6,2H,B,Vijit,Key Passes,,none,,,,,
2026-06-04,36:36.1,2H,B,Lach2,Off Target,,none,,,,,
2026-06-04,36:36.1,2H,B,Lach2,Post,,none,,,,,
2026-06-04,36:37.9,2H,A,Austin,Interceptions,,none,,,,,
2026-06-04,36:39.6,2H,B,Vijit,Interceptions,,none,none,0.7890,0.6820,,
2026-06-04,36:45.1,2H,A,Gio,On Target,,none,,,,,
2026-06-04,36:45.1,2H,A,Gio,Goals,Andres,highlight,,,,,
2026-06-04,37:08.8,2H,A,Gio,Interceptions,,none,,,,,
2026-06-04,37:36.6,2H,A,James,Interceptions,,none,,,,,
2026-06-04,37:37.4,2H,A,James,Interceptions,,none,,,,,
2026-06-04,37:52.9,2H,A,Gio,Tackles,,none,,,,,
2026-06-04,37:56.4,2H,A,James,On Target,,none,,,,,
2026-06-04,37:56.4,2H,A,James,Nutmegs,,none,,,,,
2026-06-04,37:56.4,2H,A,James,Goals,Gio,none,,,,,
2026-06-04,38:12.7,2H,A,Austin,Tackles,,none,,,,,
2026-06-04,38:17.6,2H,A,Gio,On Target,,none,,,,,
2026-06-04,38:17.6,2H,A,Gio,Goals,James,none,,,,,
2026-06-04,38:32.8,2H,A,Andres,GK Removed,,,,,,,
2026-06-04,38:32.8,2H,A,James,GK On,,,,,,,
2026-06-04,38:37.8,2H,B,Jake,Off Target,,none,,,,,
2026-06-04,38:38.4,2H,A,James,GK Saves,,none,,,,,
2026-06-04,38:51.8,2H,A,Richard,Interceptions,,none,none,0.7000,0.7040,0.0870,0.4960
2026-06-04,38:54.7,2H,B,Vijit,Interceptions,,none,,,,,
2026-06-04,38:56.9,2H,A,Richard,Interceptions,,none,,,,,
2026-06-04,39:03.5,2H,B,Lach2,Key Passes,,none,,,,,
2026-06-04,39:07.7,2H,B,Lach2,On Target,,none,,,,,
2026-06-04,39:07.7,2H,B,Lach2,Goals,Jake,none,,,,,
2026-06-04,39:29.8,2H,B,Jake,Tackles,,none,,,,,
2026-06-04,39:31.8,2H,B,Jake,Off Target,,none,none,0.7960,0.2740,0.4150,0.6100
2026-06-04,39:32.4,2H,A,James,GK Saves,,none,,,,,
2026-06-04,39:43.9,2H,B,Lach2,Key Passes,,none,,,,,
2026-06-04,39:45.5,2H,B,Jake,On Target,,none,none,0.6960,0.1950,0.6140,0.4880
2026-06-04,39:45.9,2H,A,James,GK Saves,,highlight,,,,,
2026-06-04,39:47.5,2H,B,Lach2,On Target,,none,,,,,
2026-06-04,39:47.5,2H,B,Lach2,Goals,,none,,,,,
2026-06-04,40:13.3,2H,B,Vijit,Interceptions,,none,,,,,
2026-06-04,40:16.0,2H,A,Andres,Tackles,,none,,,,,
2026-06-04,40:18.3,2H,B,Lachlan,Tackles,,none,,,,,
2026-06-04,40:26.8,2H,A,Richard,Interceptions,,none,,,,,
2026-06-04,40:39.4,2H,B,Jake,Interceptions,,none,,,,,
2026-06-04,40:46.9,2H,A,Austin,Interceptions,,none,,,,,
2026-06-04,41:11.2,2H,B,Jake,Interceptions,,none,none,0.7930,0.5200,0.8300,0.9130
2026-06-04,41:11.4,2H,A,Richard,Nutmegs,,none,,,,,
2026-06-04,41:12.4,2H,A,Austin,On Target,,none,,,,,
2026-06-04,41:12.4,2H,A,Austin,Goals,,none,,,,,
2026-06-04,41:47.9,2H,A,Gio,Interceptions,,none,,,,,
2026-06-04,41:51.9,2H,B,Lach2,Interceptions,,none,,,,,
2026-06-04,41:52.3,2H,B,Alberto,GK Saves,,none,,,,,
2026-06-04,42:01.1,2H,A,Richard,Interceptions,,none,,,,,
2026-06-04,42:13.0,2H,A,Austin,Interceptions,,none,none,0.8780,0.8490,,
2026-06-04,42:26.2,2H,B,Lach2,Tackles,,none,,,,,
2026-06-04,42:29.7,2H,A,Austin,Interceptions,,none,,,,,
2026-06-04,42:37.7,2H,A,Gio,Interceptions,,none,,,,,
2026-06-04,43:13.7,2H,B,Lach2,Key Passes,,none,,,,,
2026-06-04,43:15.7,2H,B,Lachlan,On Target,,none,,,,,
2026-06-04,43:15.8,2H,A,Richard,Blocks,,none,,,,,
2026-06-04,43:39.1,2H,B,Lach2,Interceptions,,none,,,,,
2026-06-04,43:45.8,2H,B,Vijit,Key Passes,,none,,,,,
2026-06-04,43:47.1,2H,B,Jake,Off Target,,none,,,,,
2026-06-04,43:57.5,2H,B,Alberto,Interceptions,,none,none,0.7730,0.1910,,
2026-06-04,43:58.7,2H,A,Andres,Key Passes,,none,,,,,
2026-06-04,44:01.3,2H,A,Richard,On Target,,none,,,,,
2026-06-04,44:01.7,2H,B,Alberto,GK Saves,,none,,,,,
2026-06-04,44:04.7,2H,A,Andres,Key Passes,,none,,,,,
2026-06-04,44:06.6,2H,A,Gio,On Target,,none,,,,,
2026-06-04,44:07.0,2H,B,Alberto,GK Saves,,none,,,,,
2026-06-04,44:13.5,2H,B,Lach2,Key Passes,,none,,,,,
2026-06-04,44:15.3,2H,B,Vijit,On Target,,none,,,,,
2026-06-04,44:15.4,2H,A,Richard,Blocks,,none,,,,,
2026-06-04,44:23.5,2H,A,Andres,Key Passes,,none,,,,,
2026-06-04,44:25.2,2H,A,Gio,On Target,,none,,,,,
2026-06-04,44:25.4,2H,B,Alberto,GK Saves,,none,,,,,
2026-06-04,44:54.6,2H,A,Austin,Tackles,,none,,,,,
2026-06-04,44:54.6,2H,A,Austin,Nutmegs,,none,,,,,
2026-06-04,45:11.3,2H,B,Vijit,Interceptions,,none,,,,,
2026-06-04,45:19.7,2H,B,Jake,Interceptions,,none,,,,,
2026-06-04,45:20.8,2H,A,Andres,Tackles,,none,,,,,
2026-06-04,45:24.6,2H,B,Jake,Interceptions,,none,,,,,
2026-06-04,45:32.8,2H,A,Richard,Interceptions,,none,,,,,
2026-06-04,45:36.7,2H,B,Vijit,Key Passes,,none,,,,,
2026-06-04,45:38.0,2H,B,Lachlan,On Target,,none,,,,,
2026-06-04,45:38.3,2H,A,James,GK Saves,,none,,,,,
2026-06-04,45:45.3,2H,B,Lach2,Tackles,,none,,,,,
2026-06-04,45:46.7,2H,A,Austin,Tackles,,none,,,,,
2026-06-04,45:48.6,2H,A,Gio,Nutmegs,,none,,,,,
2026-06-04,45:48.6,2H,A,Gio,Key Passes,,none,,,,,
2026-06-04,45:52.4,2H,A,Richard,On Target,,none,,,,,
2026-06-04,45:52.5,2H,B,Lachlan,Blocks,,none,,,,,
2026-06-04,45:58.5,2H,A,Gio,Key Passes,,none,,,,,
2026-06-04,46:00.3,2H,A,Austin,Off Target,,none,,,,,
2026-06-04,46:03.2,2H,A,Richard,Off Target,,none,,,,,
2026-06-04,46:04.5,2H,A,Gio,Off Target,,none,,,,,
2026-06-04,46:04.5,2H,B,Lachlan,Blocks,,none,,,,,
2026-06-04,46:08.9,2H,B,Alberto,Key Passes,,none,,,,,
2026-06-04,46:11.6,2H,B,Jake,Off Target,,none,,,,,
2026-06-04,46:23.1,2H,B,Vijit,Interceptions,,none,,,,,
2026-06-04,46:36.3,2H,A,Andres,Tackles,,none,,,,,
2026-06-04,46:42.1,2H,A,Andres,On Target,,none,,,,,
2026-06-04,46:42.5,2H,B,Alberto,GK Saves,,none,,,,,
2026-06-04,46:52.2,2H,A,Andres,Interceptions,,none,,,,,
2026-06-04,47:00.8,2H,A,Gio,Key Passes,,none,,,,,
2026-06-04,47:01.8,2H,A,Andres,On Target,,none,,,,,
2026-06-04,47:01.9,2H,B,Alberto,GK Saves,,none,,,,,
2026-06-04,47:16.1,2H,A,Gio,Key Passes,,none,,,,,
2026-06-04,47:17.7,2H,A,Andres,On Target,,none,,,,,
2026-06-04,47:18.0,2H,B,Alberto,GK Saves,,none,,,,,
2026-06-04,47:26.9,2H,A,Andres,Interceptions,,none,,,,,
2026-06-04,47:35.5,2H,A,Gio,Key Passes,,none,,,,,
2026-06-04,47:37.0,2H,A,Andres,Off Target,,none,,,,,
2026-06-04,47:38.2,2H,A,Gio,On Target,,none,,,,,
2026-06-04,47:38.2,2H,A,Gio,Goals,,highlight,,,,,
2026-06-04,48:02.7,2H,B,Lach2,Key Passes,,none,,,,,
2026-06-04,48:04.1,2H,B,Lachlan,On Target,,none,,,,,
2026-06-04,48:05.1,2H,A,James,GK Saves,,none,,,,,
2026-06-04,48:10.6,2H,B,Vijit,Interceptions,,none,,,,,
2026-06-04,48:22.1,2H,B,Vijit,Key Passes,,none,,,,,
2026-06-04,48:25.8,2H,B,Jake,On Target,,none,,,,,
2026-06-04,48:25.8,2H,B,Jake,Nutmegs,,none,,,,,
2026-06-04,48:26.3,2H,A,James,GK Saves,,none,,,,,
2026-06-04,48:34.2,2H,B,Lach2,Interceptions,,none,,,,,
2026-06-04,48:35.2,2H,A,Richard,Interceptions,,none,,,,,
2026-06-04,48:36.4,2H,A,Richard,On Target,,none,,,,,
2026-06-04,48:36.4,2H,A,Richard,Goals,,highlight,,,,,
